<?xml version="1.0" encoding="UTF-8"?>
<!DOCTYPE beans PUBLIC "-//SPRING//DTD BEAN//EN" "http://www.springframework.org/dtd/spring-beans.dtd">
<beans>   
  
  	<!-- 加载属性文件 -->
    <bean class="org.springframework.beans.factory.config.PropertyPlaceholderConfigurer">
        <property name="ignoreUnresolvablePlaceholders" value="true" />
        <property name="locations">
            <list>
                <value>classpath:important.properties</value>
                <value>classpath:conf.properties</value>
            </list>
        </property>
    </bean>
  
  	
  
	<!-- MySQL DataSource -->   
	<bean id= "dataSource" 
		class= "org.apache.commons.dbcp.BasicDataSource"> 
		<property name= "driverClassName" value ="com.mysql.jdbc.Driver" /> 
		<property name= "url" value="${db.jdbcUrl}" />  
		<property name="username" value="${db.username}"/>   
		<property name="password" value="${db.password}"/> 
		<property name="initialSize" value="${db.initialSize}" />
		<property name="maxActive" value="${db.maxActive}" />
	</bean>

	<bean id="jdbcTemplate" class="org.springframework.jdbc.core.JdbcTemplate">
		<constructor-arg><ref bean="dataSource"/></constructor-arg>
	</bean>
	
	
	<!-- MQ Config -->
	<bean id="jmsFactory" class="org.apache.activemq.ActiveMQConnectionFactory">
		<property name="brokerURL" value="${mq.brokerURL}" /> 
	</bean>
	
	<bean id="jmsConnectionFactory"	class="org.springframework.jms.connection.CachingConnectionFactory">
		<constructor-arg ref="jmsFactory" />
		<property name="sessionCacheSize" value="${mq.sessionCacheSize}" />
	</bean>
	
	<bean id="jmsTemplate" class="org.springframework.jms.core.JmsTemplate">
		<property name="connectionFactory" ref="jmsConnectionFactory" />
	</bean>
	
</beans>

