<?xml version="1.0" encoding="UTF-8" ?> 
<!DOCTYPE mapper PUBLIC "-//mybatis.org//DTD Mapper 3.0//EN" 
"http://mybatis.org/dtd/mybatis-3-mapper.dtd"> 
<mapper namespace="com.jd.ka.eatmoney.dao.settlement.EatSettlementDao">	

  <resultMap id="EatSettlement-Map" type="EatSettlement">
 		<id property="id" column="id"/>
		<result property="submitUserId" column="submit_user_id"/>
		<result property="submitErpAcct" column="submit_erp_acct"/>
		<result property="totalMoney" column="total_money"/>
		<result property="daybookIds" column="daybook_ids"/>
		<result property="status" column="status"/>
		<result property="detailJson" column="detail_json"/>
		<result property="gmtCreate" column="gmt_create"/>
		<result property="gmtModify" column="gmt_modify"/>
        <result property="userName" column="user_name"/>
       <result property="publicMoney" column="public_money"/>
	</resultMap>

	
	
	
	<sql id="COMMON-SQL">	
	   
		<where>
		<if test="id != null"> AND id = #{id}</if>
		<if test="submitUserId != null"> AND submit_user_id = #{submitUserId}</if>
		<if test="status != null"> AND status = #{status}</if>
		<if test="submitErpAcct!=null">AND submit_erp_acct=#{submitErpAcct}</if>
		</where>
	 	
	</sql>
	
	<sql id="ORDER-SQL">
	 order by id desc
	</sql>
	

	<sql id="All-FIELDS">
		id,submit_user_id,submit_erp_acct,total_money,daybook_ids,status,detail_json,public_money,gmt_create,gmt_modify
	</sql>

	<insert id="addEatSettlement" parameterType="EatSettlement">
		insert into eat_settlement (id,submit_user_id,submit_erp_acct,total_money,daybook_ids,status,detail_json,public_money,gmt_create,gmt_modify)
			values(#{id},#{submitUserId},#{submitErpAcct},#{totalMoney},#{daybookIds},#{status},#{detailJson},#{publicMoney},#{gmtCreate},#{gmtModify})
    
		<selectKey resultType="java.lang.Integer" keyProperty="id" order="AFTER">
		   select last_insert_id() as ID from dual
		</selectKey> 
   
	 </insert>

    
    <update id="updateEatSettlement" parameterType="EatSettlement" >
    	update  eat_settlement 
	<set>
			<if test="submitUserId !=null"> submit_user_id = #{submitUserId},</if>
			<if test="submitErpAcct !=null"> submit_erp_acct = #{submitErpAcct},</if>
			<if test="totalMoney !=null"> total_money = #{totalMoney},</if>
			<if test="daybookIds !=null"> daybook_ids = #{daybookIds},</if>
			<if test="status !=null"> status = #{status},</if>
			<if test="detailJson !=null"> detail_json = #{detailJson},</if>
			<if test="gmtCreate !=null"> gmt_create = #{gmtCreate},</if>
			<if test="gmtModify !=null"> gmt_modify = #{gmtModify},</if>

	</set>
	 where id = #{id}
  	</update>
  
	

    

	<delete id="deleteEatSettlement" parameterType="java.lang.Integer">
		DELETE FROM eat_settlement WHERE id = #{id}
	</delete>
	<select id="getEatSettlementById" resultMap="EatSettlement-Map" parameterType="java.lang.Integer">
		SELECT  <include refid="All-FIELDS"/> FROM eat_settlement	WHERE id = #{id}
	</select>  
    


	
	<select id="getAll" resultMap="EatSettlement-Map">
		<![CDATA[
			SELECT  id,submit_user_id,submit_erp_acct,total_money,daybook_ids,status,detail_json,gmt_modify FROM eat_settlement
		]]>
	</select>
	
	<select id="getListByExample" resultMap="EatSettlement-Map" parameterType="EatSettlement">
		SELECT   <include refid="All-FIELDS"/> FROM eat_settlement
            <include refid="COMMON-SQL" />
	</select>
	
	
	<select id="getEatSettlementByPage" resultMap="EatSettlement-Map" parameterType="java.util.HashMap">
		<![CDATA[
			SELECT  id,submit_user_id,submit_erp_acct,total_money,daybook_ids,status,detail_json,public_money,gmt_create,gmt_modify FROM eat_settlement
		]]>
            <include refid="COMMON-SQL" />
            <include refid="ORDER-SQL" />
		LIMIT #{startIndex},#{pageSize}
	</select>
	
	<select id="count" resultType="java.lang.Integer" parameterType="java.util.HashMap">
		<![CDATA[
			SELECT COUNT(1) FROM eat_settlement
		]]>
		
              <include refid="COMMON-SQL" />
	</select>





</mapper>