<beans xmlns="http://www.springframework.org/schema/beans" xmlns:context="http://www.springframework.org/schema/context"
    xmlns:xsi="http://www.w3.org/2001/XMLSchema-instance" xmlns:task="http://www.springframework.org/schema/task"
    xsi:schemaLocation="http://www.springframework.org/schema/beans
                        http://www.springframework.org/schema/beans/spring-beans-3.0.xsd
                        http://www.springframework.org/schema/context
                        http://www.springframework.org/schema/context/spring-context-3.0.xsd
                        http://www.springframework.org/schema/task 
                        http://www.springframework.org/schema/task/spring-task-3.0.xsd"
    default-autowire="byName">
    
    <context:component-scan base-package="com.jd.cloudeye.cscp.service" />
    
    <!-- as查询线程池 -->
    <bean id="asTaskExecutor" class="org.springframework.scheduling.concurrent.ThreadPoolTaskExecutor"> 
		<property name="corePoolSize" value="15"/> 
		<property name="maxPoolSize" value="15"/> 
		<property name="queueCapacity" value="10000"/>
		<property name="keepAliveSeconds" value="10000"/>
	</bean>
	
	<!-- boss以pin查询用户访问权限
    <bean id="pinTaskExecutor" class="org.springframework.scheduling.concurrent.ThreadPoolTaskExecutor"> 
		<property name="corePoolSize" value="20"/>
		<property name="maxPoolSize" value="100"/>
		<property name="queueCapacity" value="10000"/> 
		<property name="keepAliveSeconds" value="10000"/>
	</bean>
	-->
	
	<!-- 加密解密pin工具  add by cdchenhl ,2013-05-08-->
	<bean id="cookieCipherTools" class="com.jd.common.web.cookie.CookieCipherTools">
		<property name="charsetName" value="utf-8" />
	</bean>
</beans>