<beans xmlns="http://www.springframework.org/schema/beans" xmlns:context="http://www.springframework.org/schema/context"
    xmlns:xsi="http://www.w3.org/2001/XMLSchema-instance" xmlns:task="http://www.springframework.org/schema/task"
    xsi:schemaLocation="http://www.springframework.org/schema/beans
                        http://www.springframework.org/schema/beans/spring-beans-3.0.xsd
                        http://www.springframework.org/schema/context
                        http://www.springframework.org/schema/context/spring-context-3.0.xsd
                        http://www.springframework.org/schema/task 
                        http://www.springframework.org/schema/task/spring-task-3.0.xsd" default-autowire="byName">

    <!-- 加载属性文件 -->
    <bean class="org.springframework.beans.factory.config.PropertyPlaceholderConfigurer">
        <property name="ignoreUnresolvablePlaceholders" value="true" />
        <property name="locations">
            <list>
                <value>classpath:app.properties</value>
                <value>classpath:important.properties</value>
            </list>
        </property>
    </bean>
    
    <!-- 注解扫描包 -->
    <context:component-scan base-package="com.jd.cloudeye.cscp.sc" />
    
    <!-- 导入其他子配置 -->
    <!--报警中心-->
    <import resource="classpath*:ctx-common.xml" />
    <import resource="classpath*:ctx-cscp-common.xml" />
    <import resource="classpath*:ctx-service-common.xml" />
    <import resource="classpath*:ctx-service-ws.xml"/>
    <import resource="classpath*:ctx-task-dac.xml"/>
    <import resource="classpath*:ctx-task-aac.xml"/>
    <import resource="classpath*:ctx-gather.xml"/>
</beans>