<?xml version='1.0' encoding='UTF-8' ?>
<!DOCTYPE log4j:configuration SYSTEM "log4j.dtd">

<log4j:configuration xmlns:log4j="http://jakarta.apache.org/log4j/">

	<appender name="CONSOLE" class="org.apache.log4j.ConsoleAppender">
		<layout class="org.apache.log4j.PatternLayout">
			<param name="ConversionPattern" value="%d %p - %C[%L] - %m \n" />
		</layout>
	</appender>

	<appender name="File" class="org.apache.log4j.DailyRollingFileAppender">
		<param name="encoding" value="UTF-8" />
		<param name="File" value="${vop.log.path}/${api}.log" />
		<layout class="org.apache.log4j.PatternLayout">
			<param name="ConversionPattern" value="%d %p - %C[%L] - %m \n" />
		</layout>
	</appender>
	
	<appender name="RefuseMessageMq" class="org.apache.log4j.DailyRollingFileAppender">
		<param name="encoding" value="UTF-8" />
		<param name="file" value="${vop.log.path}/RefuseMessageMq.log" />
		<layout class="org.apache.log4j.PatternLayout">
			<param name="ConversionPattern" value="%d [%7r] %6p - %30.30c - %m \n" />
		</layout>
		<filter class="org.apache.log4j.varia.LevelRangeFilter">
			<param name="LevelMin" value="ERROR" />
			<!--<param name="LevelMax" value="FATAL "/> -->
		</filter>
	</appender>

	<category name="RefuseMessageMqLog" additivity="false">
		<priority value="ERROR" />
		<appender-ref ref="RefuseMessageMq" />
	</category>
	
	<appender name="DlokMessageMQ" class="org.apache.log4j.DailyRollingFileAppender">
		<param name="encoding" value="UTF-8" />
		<param name="file" value="${vop.log.path}/DlokMessageMQ.log" />
		<layout class="org.apache.log4j.PatternLayout">
			<param name="ConversionPattern" value="%d [%7r] %6p - %30.30c - %m \n" />
		</layout>
		<filter class="org.apache.log4j.varia.LevelRangeFilter">
			<param name="LevelMin" value="ERROR" />
			<!--<param name="LevelMax" value="FATAL "/> -->
		</filter>
	</appender>

	<category name="DlokMessageMQLog" additivity="false">
		<priority value="ERROR" />
		<appender-ref ref="DlokMessageMQ" />
	</category>
	
	<appender name="OrderMessageMQ" class="org.apache.log4j.DailyRollingFileAppender">
		<param name="encoding" value="UTF-8" />
		<param name="file" value="${vop.log.path}/OrderMessageMQ.log" />
		<layout class="org.apache.log4j.PatternLayout">
			<param name="ConversionPattern" value="%d [%7r] %6p - %30.30c - %m \n" />
		</layout>
		<filter class="org.apache.log4j.varia.LevelRangeFilter">
			<param name="LevelMin" value="ERROR" />
			<!--<param name="LevelMax" value="FATAL "/> -->
		</filter>
	</appender>

	<category name="OrderMessageMQLog" additivity="false">
		<priority value="ERROR" />
		<appender-ref ref="OrderMessageMQ" />
	</category>
	
	<appender name="submitOrder" class="org.apache.log4j.DailyRollingFileAppender">
		<param name="encoding" value="UTF-8" />
		<param name="file" value="${vop.log.path}/${submitOrder}.log" />
		<layout class="org.apache.log4j.PatternLayout">
			<param name="ConversionPattern" value="%d [%7r] %6p - %30.30c - %m \n" />
		</layout>
		<filter class="org.apache.log4j.varia.LevelRangeFilter">
			<param name="LevelMin" value="ERROR" />
			<!--<param name="LevelMax" value="FATAL "/> -->
		</filter>
	</appender>

	<category name="submitOrderLog" additivity="false">
		<priority value="ERROR" />
		<appender-ref ref="submitOrder" />
	</category>
	
	<appender name="submitGiftcardOrder" class="org.apache.log4j.DailyRollingFileAppender">
		<param name="encoding" value="UTF-8" />
		<param name="file" value="${vop.log.path}/${submitGiftcardOrder}.log" />
		<layout class="org.apache.log4j.PatternLayout">
			<param name="ConversionPattern" value="%d [%7r] %6p - %30.30c - %m \n" />
		</layout>
		<filter class="org.apache.log4j.varia.LevelRangeFilter">
			<param name="LevelMin" value="ERROR" />
			<!--<param name="LevelMax" value="FATAL "/> -->
		</filter>
	</appender>

	<category name="submitGiftcardOrderLog" additivity="false">
		<priority value="ERROR" />
		<appender-ref ref="submitGiftcardOrder" />
	</category>
	
	<!-- 用于打印api输入输出信息 -->
	<appender name="inputOutput" class="org.apache.log4j.DailyRollingFileAppender">
		<param name="encoding" value="UTF-8" />
		<param name="file" value="${vop.log.path}/${inputOutput}.log" />
		<layout class="org.apache.log4j.PatternLayout">
			<param name="ConversionPattern" value="[%d{yyyy-MM-dd HH:mm:ss}] %7r %6p - %.65c - %m%n" />
		</layout>
		<filter class="org.apache.log4j.varia.LevelRangeFilter">
			<param name="LevelMin" value="ERROR" />
			<param name="LevelMax" value="ERROR" />
		</filter>
	</appender>

	<category name="inputOutputLog" additivity="false">
		<priority value="ERROR" />
		<appender-ref ref="inputOutput" />
	</category>
	
	<!-- 
	<category name="java.sql" additivity="true">
		<priority value="DEBUG"/>
		<appender-ref ref="CONSOLE"/>
	</category>
	 -->
	<!-- 缓存日志 -->
	<appender name="CACHE_LOG" class="org.apache.log4j.DailyRollingFileAppender">
		<param name="encoding" value="UTF-8" />
		<param name="file" value="${vop.log.path}/cache.log" />
		<layout class="org.apache.log4j.PatternLayout">
			<param name="ConversionPattern" value="%d [%7r] %6p - %30.30c - %m \n" />
		</layout>
		<filter class="org.apache.log4j.varia.LevelRangeFilter">
			<param name="LevelMin" value="ERROR" />
			<!--<param name="LevelMax" value="FATAL "/> -->
		</filter>
	</appender>

	<category name="CACHE_LOG" additivity="false">
		<priority value="ERROR" />
		<appender-ref ref="CACHE_LOG" />
	</category>
	
	<appender name="invoice" class="org.apache.log4j.DailyRollingFileAppender">
		<param name="encoding" value="UTF-8" />
		<param name="file" value="${vop.log.path}/invoice.log" />
		<layout class="org.apache.log4j.PatternLayout">
			<param name="ConversionPattern" value="%d [%7r] %6p - %30.30c - %m \n" />
		</layout>
		<filter class="org.apache.log4j.varia.LevelRangeFilter">
			<param name="LevelMin" value="ERROR" />
			<!--<param name="LevelMax" value="FATAL "/> -->
		</filter>
	</appender>

	<category name="invoiceLog" additivity="false">
		<priority value="ERROR" />
		<appender-ref ref="invoice" />
	</category>
	
	<root>
		<priority value="${vop.log.level}" />
		<appender-ref ref="${vop.log.root.appender}" />
		<appender-ref ref="CONSOLE" />
	</root>

</log4j:configuration>
