<?xml version="1.0" encoding="UTF-8"?>
<beans xmlns="http://www.springframework.org/schema/beans"
       xmlns:xsi="http://www.w3.org/2001/XMLSchema-instance"
       xmlns:aop="http://www.springframework.org/schema/aop"
       xmlns:context="http://www.springframework.org/schema/context"
       xmlns:tx="http://www.springframework.org/schema/tx"
       xsi:schemaLocation="http://www.springframework.org/schema/beans http://www.springframework.org/schema/beans/spring-beans-2.5.xsd
				        http://www.springframework.org/schema/tx http://www.springframework.org/schema/tx/spring-tx-2.5.xsd
				        http://www.springframework.org/schema/aop http://www.springframework.org/schema/aop/spring-aop-2.5.xsd
				        http://www.springframework.org/schema/context http://www.springframework.org/schema/context/spring-context-2.5.xsd
				        " default-autowire="byName">
 	
      <!-- 属性文件读入 -->
	<bean class="org.springframework.beans.factory.config.PropertyPlaceholderConfigurer">
		<property name="locations">
			<list>
				<value>classpath:props/cps-production.properties</value>
				<value>classpath:important.properties</value>
			</list>
		</property>
		<property name="systemPropertiesModeName" value="SYSTEM_PROPERTIES_MODE_OVERRIDE"></property>
	</bean>
	
	<bean id="messageSource" class="org.springframework.context.support.ResourceBundleMessageSource">                   
		<property name="basename" value="messages" />                 
		<property name="useCodeAsDefaultMessage" value="true" />         
	</bean>

   	<bean name="velocityTools" class="java.util.HashMap">
		<constructor-arg>
			<map>
				<entry key="stringUtils">
					<bean class="org.apache.commons.lang.StringUtils" />
				</entry>
				<entry key="stringEscapeUtils">
					<bean class="org.apache.commons.lang.StringEscapeUtils" />
				</entry>
				<entry key="dateFormatUtils">
					<bean class="com.jd.common.util.DateFormatUtils" />
				</entry>
				<entry key="dateUtils">
					<bean class="org.apache.commons.lang.time.DateUtils" />
				</entry>
				<entry key="localHost">
					<bean class="com.jd.common.network.LocalHost" />
				</entry>
			</map>
		</constructor-arg>
	</bean>

	<bean id="velocityUrl" class="java.util.HashMap">
		<constructor-arg>
			<map>
				<entry key="homeModule">
					<bean class="com.jd.common.web.url.JdUrl">
						<property name="url" value="http://${home.domain}/" />
					</bean>
				</entry>

				<entry key="projectModule">
					<bean class="com.jd.common.web.url.JdUrl">
						<property name="url" value="http://${home.domain}/" />
					</bean>
				</entry>

			</map>
		</constructor-arg>
	</bean>
	
	<import resource="classpath:spring/spring-config-dao.xml"/>
	<import resource="classpath:spring/spring-config-datasource-dbcp.xml"/>
	<import resource="classpath:spring/spring-config-ice.xml"/>
	<import resource="classpath:spring/spring-config-manager.xml"/>
	<import resource="classpath:spring/spring-config-redis.xml"/>
	<import resource="classpath:spring/${vop.saf.file}"/>
	<import resource="classpath:spring/${vop.jsf.file}"/>
	<import resource="classpath:spring/spring-config-service.xml"/>
	<import resource="classpath:spring/spring-config-servlet.xml"/>
	<import resource="classpath:spring/spring-config-zookeeper.xml"/>
	<import resource="classpath:spring/spring-config-ws-invoice.xml"/>
	<import resource="classpath:spring/spring-config-price-switch.xml"/>
	<!-- 订单 相关配置放到spring-config-zookeeper.xml 里面啦
	<import resource="classpath:order_service_config.xml"/>  -->
	<import resource="classpath*:${corelog.file}"/>


</beans>