<?xml version="1.0" encoding="UTF-8" ?>
<!DOCTYPE mapper PUBLIC "-//mybatis.org//DTD Mapper 3.0//EN" "http://mybatis.org/dtd/mybatis-3-mapper.dtd" >
<mapper namespace="com.jd.hackathon.one.dao.impl.AreaDaoImpl">
	<sql id="One_Column_List">area_id, area_name,  parent_id, status, level, yn, createTime, createPin, updateTime, updatePin, ts </sql>
	<sql id="One_Table_Name">one_area</sql>
    
    <select id="findById" resultType="Area" parameterType="Area">
        SELECT <include refid="One_Column_List"/> 
        FROM <include refid="One_Table_Name"/> 
        <where>
        	yn = 0
        	and view_spot_id = #{viewSpotId, jdbcType=INTEGER}
        </where>
    </select>
    
    <select id="findByParams" resultType="ViewSpotStrategy" parameterType="ViewSpotStrategy">
        SELECT <include refid="One_Column_List"/> 
        FROM <include refid="One_Table_Name"/> 
        <where>
        	yn = 0
        	<if test="strategy_id != null and strategy_id > 0">
        		and strategy_id = #{strategyId, jdbcType=INTEGER}
        	</if>
        	<if test="view_spot_id != null and view_spot_id != ''">
        		and view_spot_id = #{viewSpotId, jdbcType=INTEGER}
        	</if>
        	<if test="title != null and title != ''">
        		and title = #{title, jdbcType=VARCHAR}
        	</if>
        </where>
    </select>
    
    <select id="findByParamsCount" resultType="int" parameterType="ViewSpotStrategy">
        SELECT count(0)
        FROM <include refid="One_Table_Name"/> 
        <where>
        	yn = 0
        	<if test="strategy_id != null and strategy_id > 0">
        		and strategy_id = #{strategyId, jdbcType=INTEGER}
        	</if>
        	<if test="view_spot_id != null and view_spot_id != ''">
        		and view_spot_id = #{viewSpotId, jdbcType=INTEGER}
        	</if>
        	<if test="title != null and title != ''">
        		and title = #{title, jdbcType=VARCHAR}
        	</if>
        </where>
    </select>
    
    <update id="delete" parameterType="ViewSpotStrategy">
    	update <include refid="One_Table_Name"/>
    	<set>
    		yn = 1
    	</set>
    	<where>
    		view_spot_id = #{viewSpotId, jdbcType=INTEGER}
    	</where>
    </update>
    
</mapper>