<?xml version="1.0" encoding="UTF-8" ?>
<!DOCTYPE mapper PUBLIC "-//mybatis.org//DTD Mapper 3.0//EN" "http://mybatis.org/dtd/mybatis-3-mapper.dtd" >
<mapper namespace="com.jd.hackathon.one.base.dao.BaseDao">

    <resultMap id="HappnessResultMap" type="com.jd.hackathon.one.bean.HappyListBean" >
         <result column="id" property="id" jdbcType="BIGINT" />
        <result column="view_spot_id" property="spotId" jdbcType="BIGINT" />
        <result column="name" property="name" jdbcType="VARCHAR" />
        <result column="alias" property="title" jdbcType="VARCHAR" />
         <result column="area_name" property="areaName" jdbcType="VARCHAR" />
         <result column="pic_id" property="picId" jdbcType="VARCHAR" />
        <result column="count" property="days" jdbcType="VARCHAR" />
        <result column="sign_flag" property="isSigned" jdbcType="INTEGER" />
         <result column="pic_name" property="picName" jdbcType="VARCHAR" />
         <result column="first_user_id" property="firstUserId" jdbcType="INTEGER" />
         <result column="second_user_id" property="SecondUserId" jdbcType="INTEGER" />
    </resultMap>
    <!--本地波次查询所有-->
 
    <!--查询总的记录数-->
    <select id="getHappyList" resultMap="HappnessResultMap" parameterType="java.lang.Integer">
         SELECT 
             s.id,
             v.view_spot_id,
             v.view_spot_name,
             v.alias,
             v.area_name,
             v.pic_id,
             s.first_user_id,
             s.second_user_id,
             p.pic_name,
             s.sign_flag,
             v.count
        FROM  one_view_spot v 
        LEFT JOIN one_signature s ON s.area_id = v.view_spot_id  
       LEFT JOIN one_picture_detail p ON v.pic_id = p.id
       WHERE
            s.lover_id = #{loverId,jdbcType=BIGINT}  
       AND  s.yn=0       
    </select>
    
    <select id="getHappyCountByViewIdAndUserId" parameterType="map" resultType="int">
     select count(1) from one_signature WHERE area_id = #{viewPotId} and lover_id=#{lId} and yn=0
    </select>
    
</mapper>