<?xml version="1.0" encoding="UTF-8" ?>
<!DOCTYPE mapper PUBLIC "-//mybatis.org//DTD Mapper 3.0//EN" "http://mybatis.org/dtd/mybatis-3-mapper.dtd" >
<mapper namespace="com.jd.hackathon.one.dao.impl.ViewSpotStrategyDetailDao">
	
	<resultMap id="ViewSpotStrategyDetailMap" type="ViewSpotStrategyDetail">
		<id column="id" property="id" jdbcType="INTEGER" />
		<result column="strategy_id" property="strategyId" jdbcType="INTEGER" />
		<result column="pic_id" property="picId" jdbcType="VARCHAR" />
		<result column="strategy_info" property="strategyInfo" jdbcType="VARCHAR" />
		<result column="level" property="level" jdbcType="INTEGER" />
		<result column="yn" property="yn" jdbcType="TINYINT" />
		<result column="createTime" property="createTime" jdbcType="TIMESTAMP" />
		<result column="createPin" property="createPin" jdbcType="VARCHAR" />
		<result column="updateTime" property="updateTime" jdbcType="TIMESTAMP" />
		<result column="updatePin" property="updatePin" jdbcType="VARCHAR" />
		<result column="ts" property="ts" jdbcType="TIMESTAMP" />
	</resultMap>
	
	<sql id="One_Column_List">id, strategy_id, pic_id,  strategy_info, level, yn, createTime, createPin, updateTime, updatePin, ts </sql>
	<sql id="One_Table_Name">one_view_spot_strategydetail</sql>
	
    <select id="findById" resultMap="ViewSpotStrategyDetailMap" parameterType="map">
        SELECT <include refid="One_Column_List"/> 
        FROM <include refid="One_Table_Name"/> 
        <where>
        	yn = 0
        	and id = #{id, jdbcType=INTEGER}
        </where>
    </select>
    
    <select id="findByParams" resultMap="ViewSpotStrategyDetailMap" parameterType="map">
        SELECT <include refid="One_Column_List"/> 
        FROM <include refid="One_Table_Name"/> 
        <where>
        	yn = 0
        	<if test="strategyId != null and strategyId > 0">
        		and strategy_id = #{strategyId, jdbcType=INTEGER}
        	</if>
        </where>
    </select>
    
    <select id="findByParamsCount" resultType="int" parameterType="map">
        SELECT count(0)
        FROM <include refid="One_Table_Name"/> 
        <where>
        	yn = 0
        	<if test="strategyId != null and strategyId > 0">
        		and strategy_id = #{strategyId, jdbcType=INTEGER}
        	</if>
        </where>
    </select>
    
    <update id="delete" parameterType="ViewSpotStrategyDetail">
    	update <include refid="One_Table_Name"/>
    	<set>
    		yn = 1
    	</set>
    	<where>
    		strategy_id = #{strategyId, jdbcType=INTEGER}
    	</where>
    </update>
    
</mapper>