<?xml version="1.0" encoding="UTF-8" ?>
<!DOCTYPE mapper PUBLIC "-//mybatis.org//DTD Mapper 3.0//EN" "http://mybatis.org/dtd/mybatis-3-mapper.dtd" >
<mapper namespace="com.jd.hackathon.one.dao.impl.ViewSpotStrategyDao">
	
	<resultMap id="ViewSpotStrategyMap" type="ViewSpotStrategy">
		<id column="strategy_id" property="strategyId" jdbcType="INTEGER" />
		<result column="view_spot_id" property="viewSpotId" jdbcType="INTEGER" />
		<result column="title" property="title" jdbcType="VARCHAR" />
		<result column="level" property="level" jdbcType="INTEGER" />
		<result column="yn" property="yn" jdbcType="TINYINT" />
		<result column="createTime" property="createTime" jdbcType="TIMESTAMP" />
		<result column="createPin" property="createPin" jdbcType="VARCHAR" />
		<result column="updateTime" property="updateTime" jdbcType="TIMESTAMP" />
		<result column="updatePin" property="updatePin" jdbcType="VARCHAR" />
		<result column="ts" property="ts" jdbcType="TIMESTAMP" />
	</resultMap>
	
	<sql id="One_Column_List">strategy_id, view_spot_id,  title, level, yn, createTime, createPin, updateTime, updatePin, ts </sql>
	<sql id="One_Table_Name">one_view_spot_strategy</sql>
	
    <select id="findById" resultMap="ViewSpotStrategyMap" parameterType="map">
        SELECT <include refid="One_Column_List"/> 
        FROM <include refid="One_Table_Name"/> 
        <where>
        	yn = 0
        	and view_spot_id = #{viewSpotId, jdbcType=INTEGER}
        </where>
    </select>
    
    <select id="findByParams" resultMap="ViewSpotStrategyMap" parameterType="map">
        SELECT <include refid="One_Column_List"/> 
        FROM <include refid="One_Table_Name"/> 
        <where>
        	yn = 0
        	<if test="strategyId != null and strategyId > 0">
        		and strategy_id = #{strategyId, jdbcType=INTEGER}
        	</if>
        	<if test="viewSpotId != null and viewSpotId != ''">
        		and view_spot_id = #{viewSpotId, jdbcType=INTEGER}
        	</if>
        	<if test="title != null and title != ''">
        		and title = #{title, jdbcType=VARCHAR}
        	</if>
        </where>
        order by level
    </select>
    
    <select id="findByParamsCount" resultType="int" parameterType="map">
        SELECT count(0)
        FROM <include refid="One_Table_Name"/> 
        <where>
        	yn = 0
        	<if test="strategy_id != null and strategy_id > 0">
        		and strategy_id = #{strategyId, jdbcType=INTEGER}
        	</if>
        	<if test="view_spot_id != null and view_spot_id != ''">
        		and view_spot_id = #{viewSpotId, jdbcType=INTEGER}
        	</if>
        	<if test="title != null and title != ''">
        		and title = #{title, jdbcType=VARCHAR}
        	</if>
        </where>
    </select>
    
    <update id="delete" parameterType="ViewSpotStrategy">
    	update <include refid="One_Table_Name"/>
    	<set>
    		yn = 1
    	</set>
    	<where>
    		view_spot_id = #{viewSpotId, jdbcType=INTEGER}
    	</where>
    </update>
    
</mapper>