<?xml version="1.0" encoding="UTF-8" ?>
<!DOCTYPE mapper PUBLIC "-//mybatis.org//DTD Mapper 3.0//EN" "http://mybatis.org/dtd/mybatis-3-mapper.dtd" >
<mapper namespace="com.jd.hackathon.one.dao.impl.ViewSpotDao">
    
    <resultMap id="ViewSpotMap" type="ViewSpot">
        <id column="view_spot_id" property="viewSpotId" jdbcType="INTEGER" />
        <result column="view_spot_name" property="viewSpotName" jdbcType="VARCHAR" />
        <result column="view_spot_info" property="viewSpotInfo" jdbcType="VARCHAR" />
        <result column="pic_id" property="picId" jdbcType="VARCHAR" />
        <result column="longitude" property="longitude" jdbcType="NUMERIC" />
        <result column="latitude" property="latitude" jdbcType="NUMERIC" />
        <result column="province" property="province" jdbcType="INTEGER" />
        <result column="city" property="city" jdbcType="INTEGER" />
        <result column="county" property="county" jdbcType="INTEGER" />
        <result column="town" property="town" jdbcType="INTEGER" />
        <result column="alias" property="alias" jdbcType="VARCHAR" />
        <result column="count" property="count" jdbcType="INTEGER" />
        <result column="area_name" property="areaName" jdbcType="VARCHAR" />
        <result column="yn" property="yn" jdbcType="TINYINT" />
        <result column="createTime" property="createTime" jdbcType="TIMESTAMP" />
        <result column="createPin" property="createPin" jdbcType="VARCHAR" />
        <result column="updateTime" property="updateTime" jdbcType="TIMESTAMP" />
        <result column="updatePin" property="updatePin" jdbcType="VARCHAR" />
        <result column="ts" property="ts" jdbcType="TIMESTAMP" />
    </resultMap>
    
    <sql id="One_Column_List">view_spot_id, view_spot_name,  view_spot_info, pic_id, longitude, latitude, province, city, county, town, alias, count,  yn, createTime, createPin, updateTime, updatePin, ts,area_name </sql>
    <sql id="One_Table_Name">one_view_spot</sql>
    
    
     <select id="findAll" resultMap="ViewSpotMap" parameterType="map">
        SELECT <include refid="One_Column_List"/> 
        FROM <include refid="One_Table_Name"/> 
        <where>
            yn = 0
        </where>
    </select>
    
    <select id="findById" resultMap="ViewSpotMap" parameterType="map">
        SELECT <include refid="One_Column_List"/> 
        FROM <include refid="One_Table_Name"/> 
        <where>
            yn = 0
            and view_spot_id = #{viewSpotId, jdbcType=INTEGER}
        </where>
    </select>
    
    <select id="findByParams" resultMap="ViewSpotMap" parameterType="map">
        SELECT <include refid="One_Column_List"/> 
        FROM <include refid="One_Table_Name"/> 
        <where>
            yn = 0
            <if test="viewSpotId != null and viewSpotId > 0">
                and view_spot_id = #{viewSpotId, jdbcType=INTEGER}
            </if>
            <if test="viewSpotName != null and viewSpotName != ''">
                and view_spot_name = #{viewSpotName, jdbcType=VARCHAR}
            </if>
            <if test="viewSpotInfo != null and viewSpotInfo != ''">
                and view_spot_info = #{viewSpotInfo, jdbcType=VARCHAR}
            </if>
            <if test="longitude != null">
                and longitude = #{longitude, jdbcType=NUMERIC}
            </if>
            <if test="latitude != null">
                and latitude = #{latitude, jdbcType=NUMERIC}
            </if>
            <if test="province != null and province > 0">
                and province = #{province, jdbcType=INTEGER}
            </if>
            <if test="city != null and city > 0">
                and city = #{city, jdbcType=INTEGER}
            </if>
            <if test="county != null and county > 0">
                and county = #{county, jdbcType=INTEGER}
            </if>
            <if test="town != null and town > 0">
                and town = #{town, jdbcType=INTEGER}
            </if>
            <if test="alias != null and alias != ''">
                and alias = #{alias, jdbcType=VARCHAR}
            </if>
        </where>
    </select>
    
    <select id="findByParamsCount" resultType="int" parameterType="map">
        SELECT count(0)
        FROM <include refid="One_Table_Name"/> 
        <where>
            yn = 0
            <if test="viewSpotId != null and viewSpotId > 0">
                and view_spot_id = #{viewSpotId, jdbcType=INTEGER}
            </if>
            <if test="viewSpotName != null and viewSpotName != ''">
                and view_spot_name = #{viewSpotName, jdbcType=VARCHAR}
            </if>
            <if test="viewSpotInfo != null and viewSpotInfo != ''">
                and view_spot_info = #{viewSpotInfo, jdbcType=VARCHAR}
            </if>
            <if test="longitude != null">
                and longitude = #{longitude, jdbcType=NUMERIC}
            </if>
            <if test="latitude != null">
                and latitude = #{latitude, jdbcType=NUMERIC}
            </if>
            <if test="province != null and province > 0">
                and province = #{province, jdbcType=INTEGER}
            </if>
            <if test="city != null and city > 0">
                and city = #{city, jdbcType=INTEGER}
            </if>
            <if test="county != null and county > 0">
                and county = #{county, jdbcType=INTEGER}
            </if>
            <if test="town != null and town > 0">
                and town = #{town, jdbcType=INTEGER}
            </if>
            <if test="alias != null and alias != ''">
                and alias = #{alias, jdbcType=VARCHAR}
            </if>
        </where>
    </select>
    
    <update id="delete" parameterType="ViewSpot">
        update <include refid="One_Table_Name"/>
        <set>
            yn = 1
        </set>
        <where>
            view_spot_id = #{viewSpotId, jdbcType=INTEGER}
        </where>
    </update>
    
</mapper>