<?xml version="1.0" encoding="GBK"?>
<beans xmlns="http://www.springframework.org/schema/beans" xmlns:xsi="http://www.w3.org/2001/XMLSchema-instance"
	xmlns:jaxrs="http://cxf.apache.org/jaxrs"
	xmlns:jaxws="http://cxf.apache.org/jaxws"
	xsi:schemaLocation="
	http://www.springframework.org/schema/beans
	http://www.springframework.org/schema/beans/spring-beans.xsd
	http://cxf.apache.org/jaxrs	
	http://cxf.apache.org/schemas/jaxrs.xsd
	http://cxf.apache.org/jaxws  
	http://cxf.apache.org/schemas/jaxws.xsd"
	default-lazy-init="true" default-autowire="byName">
	
	<import resource="classpath:META-INF/cxf/cxf.xml" />
    <import resource="classpath:META-INF/cxf/cxf-extension-soap.xml" />
    <import resource="classpath:META-INF/cxf/cxf-extension-jaxrs-binding.xml" />
    <import resource="classpath:META-INF/cxf/cxf-servlet.xml" />
    <bean id="sendEmail" class="com.jd.cloudeye.cscp.ac.service.impl.SendEmailImpl"/>
    <bean id="sendPhoneMessage" class="com.jd.cloudeye.cscp.ac.service.impl.SendPhoneMessageImpl"/>
    <bean id="alarmNoticeService" class="com.jd.cloudeye.cscp.ac.service.impl.AlarmNoticeServiceImpl"/>
    <jaxws:endpoint id="SendEmail" implementor="#sendEmail" address="/SendEmail" />
    <jaxws:endpoint id="SendPhoneMessage" implementor="#sendPhoneMessage" address="/SendPhoneMessage" />
    <jaxws:endpoint id="AlarmNoticeService" implementor="#alarmNoticeService" address="/AlarmNoticeService" />
    <jaxrs:server id="restContainer" address="/">
		<jaxrs:serviceBeans>
			<ref bean="sendEmail" />
			<ref bean="sendPhoneMessage" />
			<ref bean="alarmNoticeService" />
		</jaxrs:serviceBeans>
	</jaxrs:server>
	
</beans>  
