<?xml version="1.0" encoding="UTF-8" ?>
<beans xmlns="http://www.springframework.org/schema/beans"
	xmlns:xsi="http://www.w3.org/2001/XMLSchema-instance"
	xsi:schemaLocation="http://www.springframework.org/schema/beans
           http://www.springframework.org/schema/beans/spring-beans-3.0.xsd">
	<bean name="/sendEmailHession" class="org.springframework.remoting.caucho.HessianServiceExporter">
		<property name="service" ref="sendEmail" />
		<property name="serviceInterface" value="com.jd.cloudeye.cscp.ac.service.SendEmail" />
	</bean>
	<bean name="/sendPhoneMessageHession" class="org.springframework.remoting.caucho.HessianServiceExporter">
		<property name="service" ref="sendPhoneMessage" />
		<property name="serviceInterface" value="com.jd.cloudeye.cscp.ac.service.SendPhoneMessage" />
	</bean>
	<bean name="/alarmNoticeServiceHession" class="org.springframework.remoting.caucho.HessianServiceExporter">
		<property name="service" ref="alarmNoticeService" />
		<property name="serviceInterface" value="com.jd.cloudeye.cscp.ac.service.AlarmNoticeService" />
	</bean>
</beans>