<beans xmlns="http://www.springframework.org/schema/beans" xmlns:context="http://www.springframework.org/schema/context"
    xmlns:xsi="http://www.w3.org/2001/XMLSchema-instance" xmlns:task="http://www.springframework.org/schema/task"
    xsi:schemaLocation="http://www.springframework.org/schema/beans
                        http://www.springframework.org/schema/beans/spring-beans-3.0.xsd
                        http://www.springframework.org/schema/context
                        http://www.springframework.org/schema/context/spring-context-3.0.xsd
                        http://www.springframework.org/schema/task 
                        http://www.springframework.org/schema/task/spring-task-3.0.xsd"
    default-autowire="byName">
    <bean class="org.springframework.beans.factory.config.PropertyPlaceholderConfigurer">
        <property name="ignoreUnresolvablePlaceholders" value="true" />
        <property name="locations">
            <list>
                <value>classpath:app.properties</value>
                <value>classpath:important.properties</value>
            </list>
        </property>
    </bean>
    
    <bean id="dataSource" class="com.mchange.v2.c3p0.ComboPooledDataSource" destroy-method="close">
        <property name="driverClass" value="${db.driverClass}" />
        <property name="jdbcUrl" value="${db.jdbcUrl}" />
        <property name="user" value="${db.username}" />
        <property name="password" value="${db.password}" />
        <property name="initialPoolSize" value="${db.initialPoolSize}" />
        <property name="minPoolSize" value="${db.minPoolSize}" />
        <property name="maxPoolSize" value="${db.maxPoolSize}" />
        <property name="maxIdleTime" value="${db.maxIdleTime}"/>
        <property name="idleConnectionTestPeriod" value="600"/>
        <property name="testConnectionOnCheckout" value="false"/>
        <property name="checkoutTimeout" value="${db.checkoutTimeout}"/>        
    </bean>
    
    <bean id="jdbcTemplate" class="org.springframework.jdbc.core.JdbcTemplate">
        <property name="dataSource" ref="dataSource" />
    </bean>
    
    <bean id="alarmInsertDb" class="com.jd.cloudeye.cscp.ac.service.impl.AlarmInsertDbImpl"></bean>
    <bean id="sendEmailAndPhone" class="com.jd.cloudeye.cscp.ac.service.impl.SendEmailAndPhoneImpl">
    	<property name="phoneFlag" value="${tel.flag}"></property>
    </bean>
    <import resource="classpath*:ac-emailphone-client.xml" />
    <import resource="classpath*:ac-emailphone-server.xml" />
</beans>