<?xml version="1.0" encoding="UTF-8"?>
<beans xmlns="http://www.springframework.org/schema/beans"
       xmlns:xsi="http://www.w3.org/2001/XMLSchema-instance"
       xmlns:context="http://www.springframework.org/schema/context"
       xmlns:util="http://www.springframework.org/schema/util" 
       xmlns:task="http://www.springframework.org/schema/task"
       xsi:schemaLocation="http://www.springframework.org/schema/beans http://www.springframework.org/schema/beans/spring-beans.xsd
       http://www.springframework.org/schema/util http://www.springframework.org/schema/util/spring-util-3.1.xsd
       http://www.springframework.org/schema/context http://www.springframework.org/schema/context/spring-context-3.0.xsd
       http://www.springframework.org/schema/task http://www.springframework.org/schema/task/spring-task-3.0.xsd">

	<context:annotation-config />
	
	 <bean class = "org.springframework.beans.factory.annotation.AutowiredAnnotationBeanPostProcessor" />   
	 
	<context:component-scan base-package="com.jd.hackathon.one.*,com.jd.hackathon.one.service.*"/>

    <bean class="org.springframework.beans.factory.config.PropertyPlaceholderConfigurer">
        <property name="systemPropertiesModeName" value="SYSTEM_PROPERTIES_MODE_OVERRIDE"/>
        <property name="ignoreResourceNotFound" value="true"/>
        <property name="locations">
            <list>
                <value>classpath:log4j.properties</value>
                <value>classpath:jdbc.properties</value>
                <value>classpath:application.properties</value>
            </list>
        </property>
    </bean>
    <!-- 数据源配置,使用应用内的DBCP数据库连接池 -->
    <bean id="dataSource" class="org.apache.commons.dbcp.BasicDataSource"
        destroy-method="close">
        <property name="driverClassName" value="${jdbc.driver}" />
        <property name="url" value="${jdbc.url}" />
        <property name="username" value="${jdbc.username}" />
        <property name="password" value="${jdbc.password}" />

        <property name="maxIdle" value="${dbcp.maxIdle}" />
        <property name="maxActive" value="${dbcp.maxActive}" />
        <property name="defaultAutoCommit" value="true" />
        <property name="timeBetweenEvictionRunsMillis" value="3600000" />
        <property name="minEvictableIdleTimeMillis" value="3600000" />
        <property name="connectionProperties" value="${jdbc.connectionProperties}" />
    </bean>
    
    <bean id="jdbcTemplate" class="org.springframework.jdbc.core.JdbcTemplate">
        <qualifier type="org.springframework.beans.factory.annotation.Qualifier" value="jdbcTemplate"/>
        <constructor-arg index="0" ref="dataSource"/>
    </bean>

    <bean id="transactionManager"
        class="org.springframework.jdbc.datasource.DataSourceTransactionManager">
        <property name="dataSource" ref="dataSource" />
    </bean>

    <bean id="sqlSessionFactory" class="org.mybatis.spring.SqlSessionFactoryBean">
        <property name="dataSource" ref="dataSource" />
        <property name="configLocation" value="classpath:mybatis-config.xml" />
        <property name="mapperLocations">
            <list>
                <value>classpath:/mappers/*.xml</value>
            </list>
        </property>
    </bean>
    
    <bean id="sqlSession" class="org.mybatis.spring.SqlSessionTemplate">
        <constructor-arg index="0" ref="sqlSessionFactory" />
    </bean>
    
    <bean id="jackson2ObjectMapper" class="org.springframework.http.converter.json.Jackson2ObjectMapperFactoryBean">
            <property name="dateFormat">
                <bean class="java.text.SimpleDateFormat">
                    <constructor-arg type="java.lang.String" value="yyyy-MM-dd HH:mm:ss"/>
                </bean>
            </property>
    </bean>
    
</beans>