<?xml version="1.0" encoding="UTF-8"?>
<beans xmlns="http://www.springframework.org/schema/beans"
       xmlns:xsi="http://www.w3.org/2001/XMLSchema-instance"
       xmlns:util="http://www.springframework.org/schema/util"
       xsi:schemaLocation="
          http://www.springframework.org/schema/beans http://www.springframework.org/schema/beans/spring-beans.xsd
          http://www.springframework.org/schema/util http://www.springframework.org/schema/util/spring-util.xsd">
   <bean id="hashedCredentialsMatcher"  
        class="org.apache.shiro.authc.credential.HashedCredentialsMatcher">  
            <property name="hashAlgorithmName" value="SHA-256" />  
            <property name="storedCredentialsHexEncoded" value="true" />  
            <property name="hashIterations" value="3" />  
    </bean>  
    <bean id="sampleRealm" class="org.apache.shiro.realm.jdbc.JdbcRealm">
        <property name="dataSource" ref="dataSource" />
        <property name="authenticationQuery"
            value="SELECT t.password,t.salt FROM one_user  t WHERE t.phone = ? " />
        <property name="permissionsLookupEnabled" value="true" />
        <property name="saltStyle" value="COLUMN" />
        <property name="credentialsMatcher" ref="hashedCredentialsMatcher" />
        </bean>
   <bean id="cacheManager" class="org.apache.shiro.cache.ehcache.EhCacheManager" />
   
   <bean id="securityManager" class="org.apache.shiro.web.mgt.DefaultWebSecurityManager">
        <!-- 单realm应用。如果有多个realm，使用‘realms’属性代替 -->
        <property name="realm" ref="sampleRealm" />
        <property name="cacheManager" ref="cacheManager" />
   </bean>
   <bean id="shiroFilter" class="org.apache.shiro.spring.web.ShiroFilterFactoryBean">
        <property name="securityManager" ref="securityManager" />
        <property name="loginUrl" value="/login.html" />
        <property name="successUrl" value="/index.html" />
        <property name="unauthorizedUrl" value="/login/unauthorized" />
        <property name="filterChainDefinitions">
            <value>
                /admin/* = authc
                /** = anon
            </value>
        </property>
    </bean>

    <bean class="org.apache.shiro.spring.security.interceptor.AuthorizationAttributeSourceAdvisor">  
        <property name="securityManager" ref="securityManager" />  
    </bean>
</beans>