<assembly
	xmlns="http://maven.apache.org/plugins/maven-assembly-plugin/assembly/1.1.2"
	xmlns:xsi="http://www.w3.org/2001/XMLSchema-instance"
	xsi:schemaLocation="http://maven.apache.org/plugins/maven-assembly-plugin/assembly/1.1.2 http://maven.apache.org/xsd/assembly-1.1.2.xsd">
	<id>bin</id>
	<formats>
		<format>zip</format>
		<format>dir</format>
	</formats>
	<fileSets>
		<fileSet>
			<directory>${project.build.directory}/${project.name}/unix/bin</directory>
			<outputDirectory>/bin</outputDirectory>
			<excludes>
				<exclude>*.bat</exclude>
				<exclude>*.cmd</exclude>
			</excludes>
			<lineEnding>unix</lineEnding>
			<fileMode>0744</fileMode>
		</fileSet>
		<fileSet>
			<directory>${project.build.directory}/${project.name}/windows/bin</directory>
			<outputDirectory>/bin</outputDirectory>
		</fileSet>
		<fileSet>
			<directory>${project.build.directory}/${project.name}/lib</directory>
			<outputDirectory>/lib</outputDirectory>
		</fileSet>
		<fileSet>
			<directory>src/main/assembly/bin</directory>
			<includes>
				<include>setEnv.bat</include>
			</includes>
			<outputDirectory>/bin</outputDirectory>
		</fileSet>
		<fileSet>
			<directory>src/main/assembly/bin</directory>
			<includes>
				<include>setEnv</include>
			</includes>
			<outputDirectory>/bin</outputDirectory>
			<lineEnding>unix</lineEnding>
		</fileSet>
		<fileSet>
			<directory>src/main/assembly/bin</directory>
			<includes>
				<include>start.sh</include>
			</includes>
			<outputDirectory>/bin</outputDirectory>
		</fileSet>
		<fileSet>
			<directory>src/main/assembly/bin</directory>
			<includes>
				<include>stop.sh</include>
			</includes>
			<outputDirectory>/bin</outputDirectory>
		</fileSet>
		<fileSet>
			<directory>src/main/assembly/conf</directory>
			<outputDirectory>/conf</outputDirectory>
		</fileSet>
		<fileSet>
			<directory>src/main/assembly/task</directory>
			<outputDirectory>/task</outputDirectory>
		</fileSet>
	</fileSets>
</assembly>