<?xml version="1.0" encoding="UTF-8"?>
<!DOCTYPE configuration
	PUBLIC "-//mybatis.org//DTD Config 3.0//EN"
	"http://mybatis.org/dtd/mybatis-3-config.dtd">

<configuration>
	<settings>
		<!-- changes from the defaults -->
		<setting name="lazyLoadingEnabled" value="false"/>
		<setting name="defaultStatementTimeout" value="25000"/>
        <setting name="logPrefix" value="one.mybatis."/>
        <setting name="mapUnderscoreToCamelCase" value="true" />
	</settings>
	
	<typeAliases>
        <typeAlias alias="Area" type="com.jd.hackathon.one.bean.Area" />
    	<typeAlias alias="ViewSpot" type="com.jd.hackathon.one.bean.viewspot.ViewSpot" />
    	<typeAlias alias="ViewSpotStrategy" type="com.jd.hackathon.one.bean.viewspot.ViewSpotStrategy" />
    	<typeAlias alias="ViewSpotStrategyDetail" type="com.jd.hackathon.one.bean.viewspot.ViewSpotStrategyDetail" />
    </typeAliases>
    
</configuration>

 
 