<?xml version="1.0" encoding="UTF-8" ?>
<!DOCTYPE sqlMap PUBLIC "-//ibatis.apache.org//DTD SQL Map 2.0//EN" "http://ibatis.apache.org/dtd/sql-map-2.dtd" >
<sqlMap namespace="bizOrderInvoice">



  <resultMap id="BizOrderInvoice-Map" class="com.jd.sns.biz.api.domain.BizOrderInvoice">
 		<result property="id" column="id"/>
		<result property="orderId" column="order_id"/>
		<result property="pin" column="pin"/>
		<result property="invoiceType" column="invoice_type"/>
		<result property="selectedInvoiceTitle" column="seleted_invoice_title"/>
		<result property="companyName" column="company_name"/>
		<result property="invoiceContentType" column="invoice_content_type"/>
		<result property="consigneeName" column="consignee_name"/>
		<result property="phone" column="phone"/>
		<result property="provinceId" column="province_id"/>
		<result property="cityId" column="city_id"/>
		<result property="countyId" column="county_id"/>
		<result property="townId" column="town_id"/>
		<result property="address" column="address"/>
		<result property="vatCompanyName" column="vat_company_name"/>
		<result property="code" column="code"/>
		<result property="regAddr" column="reg_addr"/>
		<result property="regPhone" column="reg_phone"/>
		<result property="regBank" column="reg_bank"/>
		<result property="regBankAccount" column="reg_bank_account"/>
		<result property="created" column="created"/>
	</resultMap>
	
	
	<sql id="fields">
		id,order_id,pin,invoice_type,seleted_invoice_title,company_name,invoice_content_type,consignee_name,phone,province_id,city_id,county_id,town_id,address,vat_company_name,code,reg_addr,reg_phone,reg_bank,reg_bank_account,created
	</sql>
	
	<!-- 插入biz_order_invoice记录 -->
	<insert id="insertEntry" parameterClass="com.jd.sns.biz.api.domain.BizOrderInvoice">
		INSERT INTO biz_order_invoice
		(order_id,pin,invoice_type,seleted_invoice_title,company_name,invoice_content_type,consignee_name,phone,province_id,city_id,county_id,town_id,address,vat_company_name,code,reg_addr,reg_phone,reg_bank,reg_bank_account,status,created,modified)
		VALUES
		(
		#orderId#,#pin#,#invoiceType#,#selectedInvoiceTitle#,#companyName#,#invoiceContentType#,#consigneeName#,
		#phone#,#provinceId#,#cityId#,#countyId#,#townId#,#address#,#vatCompanyName#,#code#,#regAddr#,#regPhone#,#regBank#,#regBankAccount#,1,now(),now()
		)
	</insert>
	
	<select id="selectByOrderId" resultMap="BizOrderInvoice-Map"	parameterClass="java.util.HashMap">
		select <include refid="fields"/>
		 from 
		 biz_order_invoice where status=1 and order_id=#orderId#
	</select>
	
</sqlMap>