<?xml version="1.0" encoding="UTF-8" ?>
<!DOCTYPE sqlMap PUBLIC "-//ibatis.apache.org//DTD SQL Map 2.0//EN" "http://ibatis.apache.org/dtd/sql-map-2.dtd" >
<sqlMap namespace="BizOrder">

	<typeAlias alias="bizOrder" type="com.jd.sns.biz.api.domain.BizOrder" />
	<resultMap id="bizOrderResult" class="bizOrder">
 		<result property="id" column="id"/>
		<result property="jdOrderId" column="jd_order_id"/>
		<result property="clientId" column="client_id"/>
		<result property="jdDemandOrder" column="jd_demand_order"/>
		<result property="pin" column="pin"/>
		<result property="thirdOrder" column="third_order"/>
		<result property="sku" column="sku"/>
		<result property="province" column="province"/>
		<result property="city" column="city"/>
		<result property="county" column="county"/>
		<result property="town" column="town"/>
		<result property="orderPrice" column="order_price"/>
		<result property="name" column="name"/>
		<result property="address" column="address"/>
		<result property="zip" column="zip"/>
		<result property="phone" column="phone"/>
		<result property="mobile" column="mobile"/>
		<result property="email" column="email"/>
		<result property="parentId" column="parent_id"/>
		<result property="type" column="type"/>
		<result property="state" column="state"/>
		<result property="orderState" column="order_state"/>
		<result property="remark" column="remark"/>
		<result property="created" column="created"/>
		<result property="submitOrderTime" column="submit_order_time"/>
		<result property="trackUpdateTime" column="track_update_time"/>
		<result property="updated" column="updated"/>
		<result property="ip" column="ip"/>
		<result property="hangUpState" column="hang_up_state"/>
		<result property="invoiceState" column="invoice_state"/>
		<result property="submitState" column="submit_state"/>
		<result property="createOrderTime" column="create_order_time"/>
		<result property="orderguid" column="orderguid"/>
		<result property="invoiceType" column="invoice_type"/>
		<result property="selectedInvoiceTitle" column="selected_invoice_title"/>
		<result property="companyName" column="company_name"/>
		<result property="invoiceContent" column="invoice_content"/>
		<result property="priceType" column="price_type"/>
		<result property="isUseBalance" column="is_use_balance"/>
		<result property="paymentType" column="payment_type"/>
		<result property="jdOrderState" column="jd_order_state"/>
		<result property="shipmentType" column="shipment_type"/>
		<result property="serviceRate" column="service_rate"/>
		<result property="outTime" column="out_time"/>
		<result property="arriveTime" column="arrive_time"/>
		<result property="finishTime" column="finish_time"/>
		<result property="jdOrderStateTime" column="jd_order_state_time"/>
		<result property="ansyPayTime" column="ansy_pay_time"/>
		<result property="ansyPayFlag" column="ansy_pay_flag"/>
		<result property="sourceType" column="source_type"/>
		<result property="shipmentTimeType" column="shipment_time_type"/>
		<result property="payMoney" column="pay_money"/>
		<result property="freight" column="freight"/>
		<result property="submitType" column="submit_type"/>
	</resultMap>
	
	<sql id="fields">
		id,jd_order_id,client_id,jd_demand_order,pin,third_order,sku,province,city,county,town,order_price,name,address,zip
		,phone,mobile,email,parent_id,type,state,order_state,remark,created,submit_order_time,track_update_time,updated,ip,hang_up_state,
		invoice_state,submit_state,create_order_time,orderguid,invoice_type,selected_invoice_title,company_name,invoice_content,price_type,
		is_use_balance,payment_type,jd_order_state,shipment_type,service_rate,out_time,arrive_time,finish_time,jd_order_state_time,ansy_pay_time,
		ansy_pay_flag,source_type,shipment_time_type,pay_money,freight,submit_type
	</sql>
	
	<select id="selectJdOrder" resultMap="bizOrderResult" parameterClass="com.jd.sns.biz.api.domain.BizOrder">
		select <include refid="fields"/>
		from biz_order where client_id=#clientId# and jd_order_id=#jdOrderId# and order_state!=2
	</select>
	
	<!-- 通过第三方订单号查询父订单信息，用户订单防重校验 -->
	<select id="selectParentJdOrderByThirdOrder" resultMap="bizOrderResult" parameterClass="com.jd.sns.biz.order.domain.BizOrderQuery">
		select <include refid="fields"/> 
		from biz_order where third_order=#thirdOrderId#
		<isNotNull prepend=" AND " property="pin">
			pin=#pin#
		</isNotNull>
		<isNotNull prepend=" AND " property="clientId">
			client_id=#clientId#
		</isNotNull>
		and order_state=1 and parent_id=0 order by id desc limit 1
	</select>
	
	<select id="selectChildJdOrder" resultMap="bizOrderResult" parameterClass="com.jd.sns.biz.api.domain.BizOrder">
		select <include refid="fields"/> 
		from biz_order where parent_id=#jdOrderId# and client_id=#clientId# and order_state!=2 
	</select>
	
	<select id="checkThirdOrderExist" resultClass="int" parameterClass="com.jd.sns.biz.api.domain.BizOrder">
		select count(id) from biz_order where third_order=#thirdOrder# and order_state=1 and client_id=#clientId#
	</select>
	
	<select id="checkDemandOrderExist" resultClass="int" parameterClass="com.jd.sns.biz.api.domain.BizOrder">
		select count(id) from biz_order where jd_demand_order=#jdDemandOrder# and client_id=#clientId# and order_state=1
	</select>

	<insert id="submitOrder" parameterClass="com.jd.sns.biz.api.domain.BizOrder">
        insert into biz_order 
        (jd_order_id,client_id,jd_demand_order,pin,third_order,sku,province,city,county,
        	town,order_price,name,address,zip,phone,mobile,email,parent_id,type,state,order_state,remark,created,submit_order_time,
	        track_update_time,updated,ip,hang_up_state,invoice_state,submit_state,create_order_time,orderguid,invoice_type,selected_invoice_title,
	        company_name,invoice_content,price_type,is_use_balance,payment_type,jd_order_state,shipment_type,service_rate,out_time,arrive_time,finish_time,
	        jd_order_state_time,ansy_pay_time,ansy_pay_flag,source_type,shipment_time_type,pay_money,freight,submit_type,order_type)
		values(#jdOrderId#,#clientId#,#jdDemandOrder#,#pin#,#thirdOrder#,#sku#,#province#,#city#,#county#,
			#town#,#orderPrice#,#name#,#address#,#zip#,#phone#,#mobile#,#email#,#parentId#,#type#,#state#,#orderState#,#remark#,#created#,#submitOrderTime#,
			#trackUpdateTime#,#updated#,#ip#,#hangUpState#,#invoiceState#,#submitState#,#createOrderTime#,#orderguid#,#invoiceType#,#selectedInvoiceTitle#,
			#companyName#,#invoiceContent#,#priceType#,#isUseBalance#,#paymentType#,#jdOrderState#,#shipmentType#,#serviceRate#,#outTime#,#arriveTime#,#finishTime#,
			#jdOrderStateTime#,#ansyPayTime#,#ansyPayFlag#,#sourceType#,#shipmentTimeType#,#payMoney#,#freight#,#submitType#,#orderType#)
		<selectKey resultClass="long" keyProperty="id"> 
			SELECT @@IDENTITY AS id 
		</selectKey> 
	</insert>
	
	<update id="updateOrderState" parameterClass="com.jd.sns.biz.api.domain.BizOrder" >
  		update biz_order set order_state=#orderState# where jd_order_id=#jdOrderId# and client_id=#clientId#
  	</update>
  	
	<select id="checkBizOrderExistByClientIdAndOrderId" resultClass="int" parameterClass="com.jd.sns.biz.api.domain.BizOrder">
		select count(id) from biz_order where jd_order_id=#jdOrderId# and order_state=1 and client_id=#clientId#
	</select>
	
	<select id="getTotalNumByCreateDateAndState" resultClass="int" parameterClass="com.jd.sns.biz.api.domain.CheckOrderPage">
		<![CDATA[ select count(id) from biz_order where order_state=1 and client_id=#clientId# and type=2 and order_price>0 and submit_order_time>=#startDate# and submit_order_time<#endDate# and submit_state=1 ]]>
	</select>
	
	<select id="getBizOrderByCreateDateAndPageAndState" resultMap="bizOrderResult" parameterClass="com.jd.sns.biz.api.domain.CheckOrderPage">
		 select <include refid="fields"/>
		<![CDATA[
		from biz_order where order_state=1 and submit_state=1 and client_id=#clientId# and submit_order_time>=#startDate# and type=2 and order_price>0 and submit_order_time<#endDate# limit #startNum#,#count# ]]>
	</select>
	
	<select id="getTotalNumByTrackDateAndState" resultClass="int" parameterClass="com.jd.sns.biz.api.domain.CheckOrderPage">
		<![CDATA[ select count(id) from biz_order where order_state=1 and client_id=#clientId# and type=2 and order_price>0 and state=#state# and track_update_time>=#startDate# and track_update_time<#endDate# ]]>
	</select>
	
	<select id="getBizOrderByTrackDateAndPageAndState" resultMap="bizOrderResult" parameterClass="com.jd.sns.biz.api.domain.CheckOrderPage">
		 select <include refid="fields"/>
		<![CDATA[
		from biz_order where order_state=1 and client_id=#clientId# and state=#state# and type=2 and order_price>0 and track_update_time>=#startDate# and track_update_time<#endDate# limit #startNum#,#count# ]]>
	</select>
	
	<select id="getTotalNumByInvoiceState" resultClass="int" parameterClass="com.jd.sns.biz.api.domain.CheckOrderPage">
		<![CDATA[ select count(id) from biz_order where order_state=1 and client_id=#clientId# and submit_state=1 and type=2 and state=1 and invoice_state=0 and hang_up_state=0 and submit_order_time<#endDate# ]]>
	</select>
	
	<select id="getBizOrderByInvoiceState" resultMap="bizOrderResult" parameterClass="com.jd.sns.biz.api.domain.CheckOrderPage">
		 select <include refid="fields"/>
		<![CDATA[ from biz_order where order_state=1 and client_id=#clientId# and state=1 and type=2 and submit_state=1 and invoice_state=0 and hang_up_state=0 and submit_order_time<#endDate# limit #startNum#,#count#
		]]>
	</select>
	
	<select id="getBizOrderByHangUpState" resultMap="bizOrderResult" parameterClass="String">
		select <include refid="fields"/>
		from biz_order where order_state=1 and client_id=#clientId# and hang_up_state=1
	</select>
	
	<update id="updateHangUpState" parameterClass="com.jd.sns.biz.api.domain.BizOrder" >
  		update biz_order set hang_up_state=#hangUpState#,updated=now() where jd_order_id=#jdOrderId# and client_id=#clientId# and order_state=1
  	</update>
  	
  	<update id="updateSubmitOrderStateById" parameterClass="com.jd.sns.biz.api.domain.BizOrder" >
  		update biz_order set updated=now(),jd_order_id=#jdOrderId#,order_state=#orderState#,jd_order_state=#jdOrderState#	where id=#id#
		<isNotNull prepend=" AND " property="clientId">
			client_id=#clientId#
		</isNotNull>
		<isNull prepend=" AND " property="pin">
			pin=#pin#
		</isNull>
  	</update>
  	
  	<update id="confirmSubmitOrder" parameterClass="com.jd.sns.biz.api.domain.BizOrder" >
  		update biz_order set updated=now(),submit_order_time=now(),submit_state=1 where jd_order_id=#jdOrderId# and client_id=#clientId# and order_state=1 
  	</update>
	
	<update id="updateOneOrderState" parameterClass="com.jd.sns.biz.api.domain.BizOrder" >
  		update biz_order set type=#type#,state=#state#,order_state=#orderState#,parent_id=#parentId#,hang_up_state=#hangUpState#,invoice_state=#invoiceState#,submit_state=#submitState# where jd_order_id=#jdOrderId#
  	</update>
	
	<select id="selectJdOrderListByThirdOrder" resultMap="bizOrderResult" parameterClass="com.jd.sns.biz.api.domain.BizOrder">
		select <include refid="fields"/>
		from biz_order where third_order=#thirdOrder# and order_state!=2 and client_id=#clientId# and type=2
	</select>
	
	
	<!-- 通过第三方订单号查询订单，pin或者clientId可选 , 父订单排在最前面-->
	<select id="selectBizOrderListByThirdOrder" resultMap="bizOrderResult" parameterClass="com.jd.sns.biz.order.domain.BizOrderQuery">
		select <include refid="fields"/> 
		from biz_order where third_order=#thirdOrderId#
		<isNotNull prepend=" AND " property="clientId">
			client_id=#clientId#
		</isNotNull>
		<isNotNull prepend=" AND " property="pin">
			pin=#pin#
		</isNotNull>
		and order_state!=2 and type=2 
		<isNotNull prepend=" AND " property="jdOrderId">
			 (jd_order_id =#jdOrderId# OR parent_id = #jdOrderId#)	
		</isNotNull>	
	</select>
	
	<!--  通过第jdOrderId订单号查询订单，(pin或者clientId ) -->
	<select id="selectBizOrderByQuery" resultMap="bizOrderResult" parameterClass="com.jd.sns.biz.order.domain.BizOrderQuery">
		select 	<include refid="fields"/>
		from biz_order where jd_order_id=#jdOrderId# and order_state!=2
		<isNotNull prepend=" AND " property="pin">
			pin=#pin#
		</isNotNull>
		<isNotNull prepend=" AND " property="clientId">
			client_id=#clientId#
		</isNotNull>
		limit 1
	</select>
	
	
	<!-- 通过父订单号，查询子订单列表 -->
	<select id="selectChildOrderListByOrderQuery" resultMap="bizOrderResult" parameterClass="com.jd.sns.biz.order.domain.BizOrderQuery">
		SELECT <include refid="fields"/>
		FROM biz_order WHERE parent_id=#jdOrderId# 
		<isNotNull prepend=" AND " property="thirdOrderId">
			third_order = #thirdOrderId#
		</isNotNull>
		<isNotNull prepend=" AND " property="pin">
			pin=#pin#
		</isNotNull>
		<isNotNull prepend=" AND " property="clientId">
			client_id=#clientId#
		</isNotNull>
		AND type=2 and order_state in (0,1)
	</select>
	
	<!-- 通过jd_order_id更新订单状态 -->
	<update id="updateOrderByJdOrderId" parameterClass="com.jd.sns.biz.api.domain.BizOrder">
		UPDATE biz_order SET updated= now()
		<isNotNull prepend="," property="type">
			type = #type#
     	</isNotNull>
		<isNotNull prepend="," property="orderState">
			order_state = #orderState#
     	</isNotNull>
     	<isNotNull prepend="," property="jdOrderState">
			jd_order_state = #jdOrderState#
		</isNotNull>
		<isNotNull prepend="," property="submitState">
			submit_state = #submitState#
		</isNotNull>
		<isNotNull prepend="," property="submitOrderTime">
			submit_order_time = #submitOrderTime#
		</isNotNull>
		<isNotNull prepend="," property="outTime">
			out_time = #outTime#
		</isNotNull>
		<isNotNull prepend="," property="arriveTime">
			arrive_time = #arriveTime#
		</isNotNull>
		<isNotNull prepend="," property="finishTime">
			finish_time = #finishTime#
		</isNotNull>
		<isNotNull prepend="," property="ansyPayFlag">
			ansy_pay_flag = #ansyPayFlag#
		</isNotNull>
		<isNotNull prepend="," property="ansyPayTime">
			ansy_pay_time = #ansyPayTime#
		</isNotNull>
	
		WHERE jd_order_id = #jdOrderId#
		<isNotNull prepend=" AND " property="pin">
			pin=#pin#
		</isNotNull>
		<isNotNull prepend=" AND " property="clientId">
			client_id=#clientId#
		</isNotNull>
	</update>
	
	
	<!-- 通过type 和submitState 统计订单总数 -->
	<select id="selectOrderCountByQuery" resultClass="int" parameterClass="com.jd.sns.biz.order.domain.BizOrderQuery">
		SELECT count(1) FROM biz_order
		<dynamic prepend="WHERE">
			<isNotNull prepend=" AND " property="pin">
				pin=#pin#
			</isNotNull>
			<isNotNull prepend=" AND " property="clientId">
				client_id=#clientId#
			</isNotNull>
			
			<isEqual property="type" compareValue="1" prepend="AND">
				(type=1 or (type=2 and parent_id=0 )) 
			</isEqual>

			<isEqual property="type" compareValue="2" prepend="AND">
				type=2 			
			</isEqual>
		</dynamic>
		  AND jd_order_id!=0  AND submit_state = #submitState#
	</select>
	
	<!-- 通过type 和submitState 统计分页查询订单列表 -->
	<select id="selectOrderListByQueryAndPage"  resultMap="bizOrderResult" parameterClass="com.jd.sns.biz.order.domain.BizOrderQuery">
		SELECT <include refid="fields"/>
		FROM biz_order 
		<dynamic prepend="WHERE">
			<isNotNull prepend=" AND " property="pin">
				pin=#pin#
			</isNotNull>
			<isNotNull prepend=" AND " property="clientId">
				client_id=#clientId#
			</isNotNull>
			
			<isEqual property="type" compareValue="1" prepend="AND">
				(type=1 or (type=2 and parent_id=0 )) 
			</isEqual>

			<isEqual property="type" compareValue="2" prepend="AND">
				type=2 			
			</isEqual>
		</dynamic>
		 AND jd_order_id!=0  AND submit_state = #submitState#
		 ORDER BY id DESC limit #startIndex#,#pageSize#
	</select>
	
	
	
	
	<sql id="SEARCH-SQL">
			<dynamic prepend="WHERE">
			<isNotNull prepend=" AND " property="pin">
				pin=#pin#
			</isNotNull>
			<isNotNull prepend=" AND " property="clientId">
				client_id=#clientId#
			</isNotNull>
			
			<!-- 加入判断逻辑 支持vsp活动  2普通 4活动 24 所有-->
			<isNotNull prepend="" property="sourceType">
				<isEqual property="sourceType" compareValue="2" prepend="AND">
					source_type in (1,2)
				</isEqual>
				<isEqual property="sourceType" compareValue="4" prepend="AND">
					source_type = 4
				</isEqual>
				<isEqual property="sourceType" compareValue="24" prepend="AND">
					source_type in (1,2,4)
				</isEqual>
			</isNotNull>
						
			<isNotNull property="orderState" prepend="and">
				order_state = #orderState#
			</isNotNull>
			<!-- 如果为空，默认不查询 二次拆单的订单 -->
			<isNull property="orderState" prepend="and">
				order_state !=2
			</isNull>
			
			<isNotNull property="jdOrderId" prepend="and">
				jd_order_id = #jdOrderId#
			</isNotNull>
			<!-- 如果为空，默认不查询 订单号为0的无效订单 -->
			<isNull property="jdOrderId" prepend="and">
				jd_order_id!=0
			</isNull>
			
			<isNotEmpty property="thirdOrderId" prepend="and">
				third_order = #thirdOrderId#
			</isNotEmpty>

			<isNotNull property="jdOrderState" prepend="and">
				jd_order_state = #jdOrderState#
			</isNotNull>
			
			<isNotNull property="submitType" prepend="and">
				submit_type = #submitType#
			</isNotNull>
			<isNotNull property="submitState" prepend="and">
				submit_state = #submitState#
			</isNotNull>
			
			<isNotNull property="type" prepend="and">
				type = #type#
			</isNotNull>			
			<isNotNull property="state" prepend="and">
				state = #state#
			</isNotNull>
					
			<isNotNull property="paymentType" prepend="and">
				payment_type = #paymentType#
			</isNotNull>			
			<isNotNull property="shipmentType" prepend="and">
				shipment_type = #shipmentType#
			</isNotNull>
			<isNotNull property="priceType" prepend="and">
				price_type = #priceType#
			</isNotNull>
						
			<isNotNull property="invoiceState" prepend="and">
				invoice_state = #invoiceState#
			</isNotNull>			
			<isNotNull property="hangUpState" prepend="and">
				hang_up_state = #hangUpState#
			</isNotNull>			

			<isNotEmpty property="name" prepend="and">
				name=#name#
			</isNotEmpty>
			
			<isNotNull property="startDate" prepend="and">
				<![CDATA[created >= #startDate# ]]>
			</isNotNull>

			<isNotNull property="endDate" prepend="and">
				<![CDATA[created <= #endDate# ]]>
			</isNotNull>
		</dynamic>
	</sql>
	
	<!-- 通过state和时间返回 统计指定用户的订单总数 -->
	<select id="selectBizOrderCountByDate" resultClass="int" parameterClass="com.jd.sns.biz.order.domain.BizOrderQuery">
		SELECT count(1) FROM biz_order <include refid="SEARCH-SQL"/>
	</select>
	
	<!-- 通过type 和submitState 统计分页查询订单列表 -->
	<select id="selectBizOrderListByDateAndPage"  resultMap="bizOrderResult" parameterClass="com.jd.sns.biz.order.domain.BizOrderQuery">
		SELECT <include refid="fields"/> FROM biz_order <include refid="SEARCH-SQL"/>
		 ORDER BY id DESC limit #startIndex#,#pageSize#
	</select>
	
		
	<!-- 查询日期范围内，订单总价 -->
		<select id="countBizOrderAmountByState" resultClass="java.math.BigDecimal" parameterClass="com.jd.sns.biz.order.domain.BizOrderQuery">
		SELECT SUM(IFNULL(pay_money,order_price)) FROM biz_order
		<dynamic prepend="WHERE">
			<isNotNull prepend=" AND " property="pin">
				pin=#pin#
			</isNotNull>
			<isNotNull prepend=" AND " property="clientId">
				client_id=#clientId#
			</isNotNull>
			
			<isNotEmpty property="jdOrderId" prepend="and">
				jd_order_id = #jdOrderId#
			</isNotEmpty>

			<isNotEmpty property="thirdOrderId" prepend="and">
				third_order = #thirdOrderId#
			</isNotEmpty>

			<isNotEmpty property="jdOrderState" prepend="and">
				jd_order_state = #jdOrderState#
			</isNotEmpty>

			<isNotEmpty property="startDate" prepend="and">
				<![CDATA[created >= #startDate# ]]>
			</isNotEmpty>

			<isNotEmpty property="endDate" prepend="and">
				<![CDATA[created <= #endDate# ]]>
			</isNotEmpty>
		</dynamic>
	</select>
	
		
	<!-- 通过type 和submitState 统计分页查询订单列表 -->
	<select id="getBizOrderDetailByJdOrderIds"  resultMap="bizOrderResult" parameterClass="java.util.List">
		 SELECT <include refid="fields"/> FROM biz_order where jd_order_id in 
		     <iterate open="(" close=")" conjunction=","> 
			    	#[]#
			    </iterate>
	</select>
	
	<select id="getTotalNumByTrackAndState" resultClass="int" parameterClass="com.jd.sns.biz.api.domain.CheckOrderPage">
		<![CDATA[ select count(id) from biz_order where client_id=#clientId# and type=2 and order_price>0 and state=#state# and track_update_time>=#startDate# and track_update_time<#endDate# ]]>
	</select>
	
	<select id="getBizOrderByTrackAndPageAndState" resultMap="bizOrderResult" parameterClass="com.jd.sns.biz.api.domain.CheckOrderPage">
		 select <include refid="fields"/>
		<![CDATA[
		from biz_order where client_id=#clientId# and state=#state# and type=2 and order_price>0 and track_update_time>=#startDate# and track_update_time<#endDate# limit #startNum#,#count# ]]>
	</select>
	
	<update id="updateOrderRemarkById" parameterClass="com.jd.sns.biz.api.domain.BizOrder" >
  		update biz_order set updated=now(),remark=#remark#	where id=#id#
  	</update>
  	
</sqlMap>