<?xml version="1.0" encoding="UTF-8" ?>
<!DOCTYPE sqlMap PUBLIC "-//ibatis.apache.org//DTD SQL Map 2.0//EN" "http://ibatis.apache.org/dtd/sql-map-2.dtd" >
<sqlMap namespace="BizOrderTask">
	<typeAlias alias="bizOrderTask" type="com.jd.sns.biz.api.domain.BizOrderTask" />
	<resultMap id="bizOrderTaskResult" class="bizOrderTask">
		<result property="id" column="id" />
		<result property="type" column="type" />
		<result property="orderId" column="order_id" />
		<result property="jdOrderId" column="jd_order_id" />
		<result property="pin" column="pin" />
		<result property="message" column="message" />
		<result property="remark" column="remark" />
		<result property="state" column="state" />
		<result property="failureCount" column="failure_count" />
		<result property="modified" column="modified" />
		<result property="created" column="created" />
	</resultMap>

	<select id="selectUnexectuedTask" resultMap="bizOrderTaskResult" parameterClass="com.jd.sns.biz.api.domain.BizOrderTask">
		select id, type, order_id,jd_order_id,pin,message,remark,state,failure_count,modified,created 
		from biz_order_task 
		<dynamic prepend="where">
        	<![CDATA[state=1 and]]>  
            <isNotEmpty prepend="and" property="type" >
                <![CDATA[type=#type#]]> 
            </isNotEmpty>
             <isNotEmpty prepend="and" property="created" >
                <![CDATA[created<=#created#]]> 
             </isNotEmpty>
        </dynamic>
         limit 1000
	</select>
  	
  	<update id="updateTaskStateExectued" parameterClass="com.jd.sns.biz.api.domain.BizOrderTask">
  		update biz_order_task set state=2, remark=#remark#, modified=now() where id=#id# and state=1
  	</update>
  	
  	<insert id="insertBizOrderTask" parameterClass="com.jd.sns.biz.api.domain.BizOrderTask">
		insert into biz_order_task 
		(type,order_id, jd_order_id,pin,message,remark,state,failure_count,created)
		values (#type#,#orderId#,#jdOrderId#,#pin#,#message#,#remark#,#state#,#failureCount#,now())
	</insert>
  	
  	<update id="updateFailureCount" parameterClass="long">
  		update biz_order_task set failure_count=failure_count+1, modified=now() where id=#id# and state=1
  	</update>
  	
  	<delete id="delExectuedTask" parameterClass="com.jd.sns.biz.api.domain.BizOrderTask">
		<![CDATA[ delete from biz_order_task where type=#type# and state=2 and created<#created# ]]>
	</delete>
	
	<select id="selectTaskByOrderId" resultMap="bizOrderTaskResult" parameterClass="com.jd.sns.biz.api.domain.BizOrderTask">
		<![CDATA[ select id, type, order_id,jd_order_id,pin,message,remark,state,failure_count,modified,created 
		from biz_order_task where state=1 and type=#type# and order_id=#orderId# ]]>
	</select>
	
	<select id="countTask" resultClass="java.lang.Long" parameterClass="com.jd.sns.biz.api.domain.BizOrderTask">
		select count(id) from biz_giftcard_order where biz_order_task where state=#state# and type=#type# and order_id=#orderId# and jd_order_id=#jdOrderId#
	</select>
</sqlMap>