<?xml version="1.0" encoding="UTF-8" ?>
<!DOCTYPE sqlMap PUBLIC "-//ibatis.apache.org//DTD SQL Map 2.0//EN" "http://ibatis.apache.org/dtd/sql-map-2.dtd" >
<sqlMap namespace="BizOrderPriceSnap">

	<typeAlias alias="bizOrderPriceSnap" type="com.jd.sns.biz.api.domain.BizOrderPriceSnap" />
	<resultMap id="result" class="bizOrderPriceSnap">
		<result property="id" column="id" />
		<result property="jdOrderId" column="jd_order_id" />
		<result property="priceSnap" column="price_snap" />
		<result property="created" column="created" />
		<result property="modified" column="modified" />
		<result property="status" column="status" />
		<result property="doInvoiceType" column="do_invoice_type" />
		<result property="enterpriseNumber" column="enterprise_number" />
	</resultMap>
	
	<select id="getAll" resultMap="result">
		select * from biz_order_price_snap
	</select>
	
	<insert id="insertSnap" parameterClass="com.jd.sns.biz.api.domain.BizOrderPriceSnap">
		insert into biz_order_price_snap 
		(jd_order_id, price_snap, created,do_invoice_type,enterprise_number)
		values (#jdOrderId#,#priceSnap#, now(),#doInvoiceType#,#enterpriseNumber#)
	</insert>
</sqlMap>