<?xml version="1.0" encoding="UTF-8"?>
<beans xmlns="http://www.springframework.org/schema/beans"
	xmlns:xsi="http://www.w3.org/2001/XMLSchema-instance"
	xsi:schemaLocation="http://www.springframework.org/schema/beans http://www.springframework.org/schema/beans/spring-beans.xsd">

	<bean id="parentDataSource" class="${datasource.type}">
		<!-- 设置查询超时为10秒-->
		<property name="validationQueryTimeout" value="${mysql.validationQueryTimeout}" />
		<!-- 最大连接数 -->
		<property name="maxActive" value="${mysql.maxActive}" />
        <property name="initialSize" value="${mysql.initialSize}" />
        <property name="maxWait" value="${mysql.maxWait}" />
        <!-- 最大空闲 -->
        <property name="maxIdle" value="${mysql.maxIdle}" />
        <property name="minIdle" value="${mysql.minIdle}" />
        <property name="testOnBorrow" value="${mysql.testOnBorrow}"></property>
        <property name="testWhileIdle" value="${mysql.testWhileIdle}"></property> 
        <property name="validationQuery" value="select 1"></property>
        <property name="timeBetweenEvictionRunsMillis"><value>${mysql.timeBetweenEvictionRunsMillis}</value></property>  
        <property name="numTestsPerEvictionRun"><value>${mysql.numTestsPerEvictionRun}</value></property>
        <property name="minEvictableIdleTimeMillis" value="${mysql.minEvictableIdleTimeMillis}"></property> 
	</bean>
	
	<bean id="sqlMapClient" class="org.springframework.orm.ibatis.SqlMapClientFactoryBean">
		<property name="configLocation" value="classpath:sqlmap-config.xml" />
	</bean>
	
	<!-- 动态数据源 -->
	<bean id="bizApiDynamicMysqlDataSource"
		class="com.jd.sns.vip.common.data.dynamic.DynamicDataSource">
		<property name="targetDataSources">
			<map key-type="java.lang.String">
				<!-- 约定俗成，主从库名为slave1，其它从库依次23...n -->
				<entry key="slave1" value-ref="bizApiDataSource" />
			</map>
		</property>
		<property name="defaultTargetDataSource" ref="bizApiDataSource" />
	</bean>

	<bean id="bizDataSource" parent="parentDataSource">
		<property name="driverClassName" value="com.mysql.jdbc.Driver" />
		<property name="url" value="${vip.mysql.wr.jdbc.url}" />
		<property name="username" value="${vip.mysql.wr.jdbc.username}" />
		<property name="password" value="${vip.mysql.wr.jdbc.password}" />
	</bean>
	
	<bean id="bizApiDataSource" class="com.jd.ka.common.db.monitor.base.SqlMonitorDataSource">
		<constructor-arg ref="bizDataSource"/>
		<constructor-arg>
			<bean class="com.jd.ka.common.db.monitor.Configuration">
				<property name="monitor">
					<bean class="com.jd.ka.common.db.monitor.KaLogMonitor">
						<constructor-arg name="kaLogKey" value="vop.sql"/>
						<constructor-arg name="kaLogCaller" value="vop-api"/>
						<property name="threshold" value="1000"/>
					</bean>
				</property>
				<property name="pack" value="com.jd.sns.biz.api.dao"/>
				<property name="debug" value="false"/>
				<!-- 开启统计监控功能, 默认：true -->
				<property name="stat_enabled" value="true"/>
				<!-- 打印监控统计日志间隔时间（单位：分钟，日志名称：sql-monitor-log） -->
				<property name="stat_printlog_delay" value="10"/>
				<!-- 开启slow sql -->
				<property name="slowsql_slower_than" value="500"/>
				<!-- 打印slow sql日志（日志名称：sql-monitor-slowsql）-->
				<property name="slowsql_printlog" value="true"/>
			</bean>
		</constructor-arg>
	</bean>
	
</beans>