<?xml version="1.0" encoding="UTF-8"?>
<beans xmlns="http://www.springframework.org/schema/beans"
	xmlns:xsi="http://www.w3.org/2001/XMLSchema-instance" xmlns:saf="http://code.360buy.com/schema/saf"
	xsi:schemaLocation="http://www.springframework.org/schema/beans http://www.springframework.org/schema/beans/spring-beans-2.5.xsd
	http://code.360buy.com/schema/saf http://code.360buy.com/schema/saf/saf.xsd"
	default-autowire="byName">

	<!--<saf:registry protocol="jdZooKeeper" address="172.17.3.181:2181,172.17.3.182:2181,172.17.3.183:2181,172.17.18.17:2181,172.17.18.18:2181"
		/> -->
	<saf:application name="bizapi.jd.com" />
	<saf:registry id="jdZooKeeper"
		address="jdZooKeeper://172.17.3.181,172.17.3.182,172.17.3.183,172.17.18.17,172.17.18.18:2181" />
	<!-- user_uid的SAF接口 -->
	<saf:reference id="userUidService"
		interface="com.jd.service.user.uid.UserUidService" retries="0"
		version="0.0.0" group="SNS" />
	<!-- UserInfoUpdate接口 -->
	<saf:reference id="dubboUserInfoUpdateService"
		interface="com.jd.user.rpc.dubbo.DubboUserInfoUpdateService" version="1.0"
		timeout="5000" protocol="dubbo" filter="consumerAppFilter" />

	<saf:reference id="areaService"
		interface="com.jd.primitive.client.address.service.AreaService"
		version="1.0.1" retries="0" group="address-areaservice" />

	<!-- 
	<saf:reference id="jdStockStateService"
		interface="com.jd.stock.dubbo.api.StockStateService" retries="0"
		version="0.0.1" />
	 -->
	<saf:reference id="jdProductService"
		interface="com.jd.catagory.pbim.pbia.dubbo.service.ProductService"
		timeout="30000" retries="0" version="1.0" group="yz_com" />

	<saf:reference id="brandService"
		interface="com.jd.catagory.pbim.pbia.dubbo.service.BrandService"
		version="1.0" retries="1" group="yz_com" timeout="30000" check="false"/>

	<saf:reference id="productImageService"
		interface="com.jd.catagory.pbim.pbia.dubbo.service.ImageService"
		timeout="30000" retries="0" version="1.0" group="yz_com" />

	<saf:reference id="orderTrackExport"
		interface="com.jd.order.track.site.export.OrderTrackExport" protocol="dubbo"
		group="orderCenter" url="172.17.22.128:60100" retries="0" check="false"
		timeout="5000" />

	<!--<saf:reference id="monthlyQuotaService" interface="com.jd.instead.dubbo.service.quota.MonthlyQuotaService"
		version="0.0.1" group="monthlyWMS" retries="0" timeout="6000"/> -->
	<saf:reference id="monthlyQuotaService"
		interface="com.jd.instead.dubbo.service.quota.MonthlyQuotaService"
		version="0.0.1" group="monthlyWMS" timeout="5000" check="false" />


	<!-- <saf:reference id="submitOrderExport" interface="com.jd.vertical.trade.sdk.export.SubmitOrderExport"
		retries="0" url="dubbo://172.17.23.28:36071" group="172172328" version="1.0.0"
		timeout="16000"></saf:reference> -->
	<saf:reference id="submitOrderExport"
		interface="com.jd.vertical.trade.sdk.export.SubmitOrderExport" group="172.17.23.39"
		retries="0" version="1.0.0" timeout="10000">
	</saf:reference>
	<saf:reference id="orderInfoExport"
		interface="com.jd.vertical.trade.sdk.export.OrderInfoExport" group="172.17.23.39"
		retries="0" version="1.0.0" timeout="50000">
	</saf:reference>

	<saf:reference id="monthlyPaymentService"
		interface="com.jd.giftcardErpSoa.client.MonthlyPaymentService"
		version="1.0" retries="0" group="WebFlat" timeout="60000" />
	<!-- vop soa接口 -->
	<saf:reference id="qBServiceIns" interface="com.jd.sns.biz.api.service.QBService"
		version="0.0.1" group="qBService" timeout="5000" />

	<saf:reference id="afterSaleService"
		interface="com.jd.sns.biz.api.service.AfterSaleService" version="1.0"
		group="biz" timeout="5000" />
		
	<!-- vop-soa通用查询接口 -->
	<saf:reference id="bizCommonQueryService" interface="com.jd.sns.biz.api.entity.service.BizCommonQueryService" 
		group="bizapi" version="0.0.1" timeout="5000" check="false"/>
	<alias name="bizCommonQueryService" alias="jdStockStateService"/>	
	
	<!-- 促销接口 -->
	<saf:reference id="promoInfoService"
		interface="com.jd.promotion.client.GiftInfoService" version="0.0.1"
		check="false" timeout="5000" />

	<!-- 协议价redis接口 -->
	<saf:reference id="strikePriceRedisService"
		interface="com.jd.promotion.sdk.redis.service.StrikePriceRedisService"
		version="0.0.1" timeout="2000" group="production" />

	<!-- 协议价实时接口（下单使用） -->
	<saf:reference id="strikePriceService"
		interface="com.jd.promotion.sdk.service.StrikePriceService" version="0.0.1"
		timeout="2000" group="production" />
	<!-- QB相关服务,提供给api层使用 -->
	<saf:reference id="qbSafService" interface="com.jd.sns.biz.api.virtual.service.api.face.QBSafService"
		group="bizapi" protocol="dubbo" timeout="5000" version="0.0.1" retries="0"/>
	<!-- 实时价格的获取-->
    <saf:reference id="getRTPriceService" interface="com.jd.ka.price.soa.sdk.service.GetRTPriceService" timeout="30000" registry="jdZooKeeper"
                   group="ka-price-soa" version="0.0.3" check="false"/>
    <!-- 普通价格查询接口-->
    <saf:reference id="getRedisPriceService" interface="com.jd.ka.price.soa.sdk.service.GetRedisPriceService" timeout="30000" registry="jdZooKeeper"
                   group="ka-price-soa" version="0.0.3" check="false"/>
     
     <!-- 京东价查询接口-->              
    <saf:reference id="getJdPriceService" interface="com.jd.ka.price.soa.sdk.service.GetJdPriceService" timeout="2000" registry="jdZooKeeper"
                   group="ka-price-soa" version="0.0.3" check="false"/>

    <!-- 主数据client信息查询接口-->
    <saf:reference id="clientInfoService"
		interface="com.jd.ka.user.soa.service.clientInfo.ClientInfoService"
		version="0.0.5" group="bizUserSoaClient" timeout="2000" check="false" />

	<saf:reference id="bizOrderCommonService"  interface="com.jd.sns.biz.api.entity.service.BizOrderCommonService"
	    version="0.0.4" group="bizapi" timeout="10000" check="false" retries="0" />

	<saf:reference id="bizOrderReconciliationService"
	    interface="com.jd.sns.biz.api.entity.service.BizOrderReconciliationService"
	    version="0.0.3" group="bizapi" timeout="5000" check="false" />
	<!-- 大客户商品池服务 -->
	<saf:reference id="skuPoolQueryService" interface="com.jd.ka.wareplatform.sdk.service.SkuPoolQueryService"
		group="ka-wareplat" protocol="dubbo" timeout="2000" version="0.0.1" retries="2"/>
	<saf:reference id="contractInfoService"
		interface="com.jd.ka.user.soa.service.contractInfo.ContractInfoService"
		version="0.0.5" group="bizUserSoaContract" timeout="2000" check="false" />
	<saf:reference id="bookVideoService"  group="hc_all" interface="com.jd.catagory.pbim.pbia.dubbo.service.BookVideoService" 
	 	timeout="5000" version="1.0" retries="0" check="false"/>
	<!-- 金采用户相关服务 -->
	<saf:reference id="geiousLimitServiceRpc" interface=" com.jd.jr.geious.saf.api.service.GeiousLimitService" version="1.0.0"
		group="jr_geious" protocol="dubbo" timeout="3000" check="false" />
		
	<!-- 大客户发票系统接口-->
	<saf:reference id="invoiceOrderSafService"
        interface="com.jd.biz.invoice.apply.service.rpc.InvoiceOrderSafService"
        version="0.0.2" group="invoiceApply_OL" timeout="5000" check="false" retries="0">
    </saf:reference>
    
    <saf:reference id="orderRefundService"
		interface="com.jd.fce.orb.service.OrderRefundService"
		group="fce-orb-state" version="1.0.0" check="false"  timeout="5000" jdtoken="654321" filter="SafTokenFilter"/>
	<!-- 大客户支付中心 -->	
	<saf:reference id="bizPayService"
		interface="com.jd.sns.biz.api.service.pay.BizPayService"
		version="0.0.3" group="${saf.group}" timeout="2000" check="false" retries="0"/>
		
	<saf:reference id="yanBaoSafRelationService" interface="com.jd.platform.saf.service.yanbaorelation.YanBaoProductRelationService"
group="platformWMS-new" timeout="500" version="0.0.1" /> 
</beans>