<?xml version="1.0" encoding="UTF-8"?>
<beans xmlns="http://www.springframework.org/schema/beans"
	xmlns:xsi="http://www.w3.org/2001/XMLSchema-instance"
	xsi:schemaLocation="http://www.springframework.org/schema/beans http://www.springframework.org/schema/beans/spring-beans.xsd"
	default-autowire="byName">
	
	<bean id="sequenceUtil" class="com.jd.common.util.SequenceUtil">
		<property name="defaultSequence">
			<bean class="com.jd.common.util.Sequence">
				<property name="dataSource" ref="bizApiDataSource" />
				<property name="blockSize" value="1" />
				<property name="startValue" value="1000000" />
			</bean>
		</property>
	</bean>
	
	<bean id="demoDao" class="com.jd.sns.vip.dao.impl.DemoDaoImpl">
		<property name="dataSource" ref="bizApiDynamicMysqlDataSource"></property>
	</bean>
	
	<bean id="oauth2Dao" class="com.jd.sns.biz.api.dao.oauth2.impl.Oauth2DaoImpl">
		<property name="dataSource" ref="bizApiDataSource"></property>
	</bean>
	
	<bean id="accessTokenDao" class="com.jd.sns.biz.api.dao.oauth2.impl.AccessTokenDaoImpl">
		<property name="dataSource" ref="bizApiDataSource"></property>
	</bean>
	
	<bean id="userDao" class="com.jd.sns.biz.api.dao.impl.UserDaoImpl">
		<property name="dataSource" ref="bizApiDataSource"></property>
	</bean>
	
	<bean id="demandOrderDao" class="com.jd.sns.biz.api.dao.impl.DemandOrderDaoImpl">
		<property name="dataSource" ref="bizApiDataSource"></property>
	</bean>
	
	<bean id="bizMessageDao" class="com.jd.sns.biz.api.dao.impl.BizMessageDaoImpl">
		<property name="dataSource" ref="bizApiDataSource"></property>
	</bean>
	
	<bean id="bizMessageTaskDao" class="com.jd.sns.biz.api.dao.impl.BizMessageTaskDaoImpl">
		<property name="dataSource" ref="bizApiDataSource"></property>
	</bean>
	
	<bean id="bizOrderDao" class="com.jd.sns.biz.api.dao.impl.BizOrderDaoImpl">
		<property name="dataSource" ref="bizApiDataSource"></property>
	</bean>
	
	<bean id="bizPoolDao" class="com.jd.sns.biz.api.dao.impl.BizPoolDaoImpl">
		<property name="dataSource" ref="bizApiDataSource"></property>
	</bean>
	
	<bean id="bizPoolSkuDao" class="com.jd.sns.biz.api.dao.impl.BizPoolSkuDaoImpl">
		<property name="dataSource" ref="bizApiDataSource"></property>
	</bean>
	
	<bean id="bizPoolSkuPriceDao" class="com.jd.sns.biz.api.dao.impl.BizPoolSkuPriceDaoImpl">
		<property name="dataSource" ref="bizApiDataSource"></property>
	</bean>
	
	<bean id="bizOrderFlowDao" class="com.jd.sns.biz.api.dao.impl.BizOrderFlowDaoImpl">
		<property name="dataSource" ref="bizApiDataSource"></property>
	</bean>
	
	<bean id="bizInvoiceDao" class="com.jd.sns.biz.api.dao.impl.BizInvoiceDaoImpl">
		<property name="dataSource" ref="bizApiDataSource"></property>
	</bean>
	
	<bean id="adminDao" class="com.jd.sns.biz.api.dao.impl.AdminDaoImpl">
		<property name="dataSource" ref="bizApiDataSource"></property>
	</bean>
	
	<bean id="bizOrderDifferenceDao" class="com.jd.sns.biz.api.dao.impl.BizOrderDifferenceDaoImpl">
		<property name="dataSource" ref="bizApiDataSource"></property>
	</bean>
	
	<bean id="bizQuotaDao" class="com.jd.sns.biz.api.dao.impl.BizQuotaDaoImpl">
		<property name="dataSource" ref="bizApiDataSource"></property>
	</bean>
	
	<bean id="bizGiftcardOrderDao" class="com.jd.sns.biz.api.dao.impl.BizGiftcardOrderDaoImpl">
		<property name="dataSource" ref="bizApiDataSource"></property>
	</bean>
	
		<!-- 金融支付dao start -->
	<bean id="creditPayTaskDao" class="com.jd.sns.biz.api.dao.impl.CreditPayTaskDaoImpl" >
		<property name="dataSource" ref="bizApiDataSource"></property>
	</bean>
		<!-- 金融支付dao end -->
		
	<!-- 发票日志 -->
	<bean id="bizOrderInvoiceDao" class="com.jd.sns.biz.api.dao.impl.BizOrderInvoiceDaoImpl" >
		<property name="dataSource" ref="bizApiDataSource"></property>
	</bean>
</beans>

