<?xml version="1.0" encoding="UTF-8"?>
<beans xmlns="http://www.springframework.org/schema/beans"
	xmlns:xsi="http://www.w3.org/2001/XMLSchema-instance"
	xsi:schemaLocation="http://www.springframework.org/schema/beans http://www.springframework.org/schema/beans/spring-beans.xsd"
	default-autowire="byName">
	
	<bean id="demoService" class="com.jd.sns.vip.service.impl.DemoServiceImpl" />
	
	<bean id="stockStateService" class="com.jd.sns.biz.api.service.impl.StockStateServiceImpl">
		 <property name="seed" value="${stock.soa.seed}"/>
		  <property name="content" value="${stock.soa.content}"/>
	</bean>
	
	<bean id="bizJincaiQueryService" class="com.jd.sns.biz.api.service.impl.BizJincaiQueryServiceImpl">
		 <property name="jcToken" value="${jc.token}"/>
		  <property name="jcTxtSource" value="${jc.txtSource}"/>
	</bean>
	
	
	<!-- 系统环境参数，在POM中打进来 -->
	<bean id="profiles" class="com.jd.sns.biz.api.service.utils.Profiles">
		<property name="evnMode" value="${env.mode}" />
	</bean>
	
	<!-- 系统初始化bean，用来做一些初始化的操作 -->
    <bean id="systemInitBean" class="com.jd.sns.biz.api.service.impl.SystemInitBean">
    	<property name="systemLiveKey" value="vop-api.SystemInitBean.systemLive"></property>
    	<property name="jvmKey" value="vop-api.SystemInitBean.systemJvm"></property>
    </bean>
    
    <bean id="mmbTypeCheckUtils" class="com.jd.sns.biz.api.service.utils.MmbTypeCheckUtils">
    	<property name="clientIdSet">
    		 <set>  
                 <value>maimaibao</value>  
                 <value>vxptest0929</value>
                 <value>jincai000</value>
                 <value>gaHZLDlfCOkJDnM9qS1s</value>
             </set> 
    	</property>
    	<property name="provincesLimit">
    		 <set>  
                 <value>26</value>  
             </set> 
    	</property>
    	<property name="citysLimit">
    		 <set>  
                 <value>15945</value>  
                 <value>15946</value>
			 	 <value>2654</value>
				 <value>2662</value>
				 <value>2666</value>
				 <value>2675</value>
				 <value>2686</value>
				 <value>2699</value>
				 <value>2704</value>
				 <value>2723</value>
				 <value>2727</value>
				 <value>2744</value>
				 <value>2723</value>
             </set> 
    	</property>
    	<property name="freightFree"><value>59</value></property>
    	<property name="baseFreight"><value>5</value></property>
    	<property name="farAwayFreight"><value>10</value></property>
    </bean>

</beans>