<?xml version="1.0" encoding="UTF-8"?>
<beans xmlns="http://www.springframework.org/schema/beans"
	xmlns:context="http://www.springframework.org/schema/context"
	xmlns:aop="http://www.springframework.org/schema/aop"
	xmlns:mvc="http://www.springframework.org/schema/mvc" xmlns:xsi="http://www.w3.org/2001/XMLSchema-instance"
	xsi:schemaLocation="
        http://www.springframework.org/schema/beans     
        http://www.springframework.org/schema/beans/spring-beans-3.0.xsd
        http://www.springframework.org/schema/context 
        http://www.springframework.org/schema/context/spring-context-3.0.xsd
        http://www.springframework.org/schema/aop
        http://www.springframework.org/schema/aop/spring-aop-3.0.xsd        
        http://www.springframework.org/schema/mvc
        http://www.springframework.org/schema/mvc/spring-mvc-3.0.xsd"
	default-autowire="byName">

	<context:component-scan base-package="demo" />
	<context:component-scan base-package="com.jd.sns.biz" />
	<!-- 预发环境使用，提供快退进度查询 
	<bean class="com.jd.sns.biz.api.web.controller.KuaiTuiRefController"/>
	-->
	<!-- ajax json对于时间的配置 -->
	<bean id="jacksonObjectMapper" class="org.codehaus.jackson.map.ObjectMapper" />
	<bean id="jacksonObjectMapperInit" class="commons.spring.mvc.utils.JacksonObjectMapperInit"
		init-method="init">
		<property name="objectMapper" ref="jacksonObjectMapper"></property>
	</bean>
	
	<mvc:interceptors>
		<mvc:interceptor>
			<mvc:mapping path="/api/*" />
			<mvc:mapping path="/api/*/*" />
			<mvc:mapping path="/oauth2/*/*" />
			<!-- 请求参数和响应信息打印 -->
			<bean class="com.jd.sns.biz.api.web.interceptor.InputOutputInterceptor" />
		</mvc:interceptor>		
		<mvc:interceptor>
			<mvc:mapping path="/api/*" />
			<mvc:mapping path="/api/*/*" />
			<!-- token滤器 -->
			<bean class="com.jd.sns.biz.api.web.interceptor.Oauth2Interceptor" />
		</mvc:interceptor>
	</mvc:interceptors>
	
	<!-- spring aop begin -->
	<bean id="inputOutputInterceptor" class="com.jd.sns.biz.api.web.interceptor.InputOutputInterceptor" >
		<!-- 过滤无需打印的日志 -->
		<property name="filter">
			<map>
				<entry key="String com.jd.sns.biz.api.web.controller.AreaController.provinces(HttpServletRequest,HttpServletResponse,ModelMap)" value="1"></entry>			
				<entry key="String com.jd.sns.biz.api.web.controller.AreaController.cities(String,HttpServletRequest,HttpServletResponse,ModelMap)" value="1"></entry>
				<entry key="String com.jd.sns.biz.api.web.controller.AreaController.countys(String,HttpServletRequest,HttpServletResponse,ModelMap)" value="1"></entry>
				<entry key="String com.jd.sns.biz.api.web.controller.AreaController.towns(String,HttpServletRequest,HttpServletResponse,ModelMap)" value="1"></entry>
				<entry key="String com.jd.sns.biz.api.web.controller.BizInvoiceController.select(String,HttpServletRequest,HttpServletResponse,ModelMap)" value="1"></entry>
				<entry key="String com.jd.sns.biz.api.web.controller.ProductController.getDetail(String,HttpServletRequest,HttpServletResponse,ModelMap)" value="1"></entry>
				<entry key="String com.jd.sns.biz.api.web.controller.ProductController.getCommentSummarys(String,HttpServletRequest,HttpServletResponse,ModelMap)" value="1"></entry>
			</map>
		</property>
	</bean>	
	<!-- 基于 Annotation 的“零配置”方式 -->
	<aop:aspectj-autoproxy proxy-target-class="true">
		<aop:include name="inputOutputInterceptor"/>
	</aop:aspectj-autoproxy>
	<!-- spring aop end -->

	<bean class="org.springframework.web.servlet.mvc.annotation.AnnotationMethodHandlerAdapter">
		<property name="messageConverters">
			<list>
				<bean class="org.springframework.http.converter.StringHttpMessageConverter">
					<property name="supportedMediaTypes">
						<list>
							<value>text/plain;charset=UTF-8</value>
						</list>
					</property>
				</bean>
				<bean class="org.springframework.http.converter.json.MappingJacksonHttpMessageConverter">
					<property name="objectMapper" ref="jacksonObjectMapper"></property>
				</bean>
			</list>
		</property>
	</bean>

	<bean id="velocityConfig" class="org.springframework.web.servlet.view.velocity.VelocityConfigurer">
		<property name="resourceLoaderPath" value="." />
		<property name="configLocation" value="classpath:velocity.properties" />
		<property name="velocityProperties">
			<props>
				<prop key="input.encoding">UTF-8</prop><!-- 指定模板引擎进行模板处理的编码 -->
				<prop key="output.encoding">UTF-8</prop><!-- 指定输出流的编码 -->
				<prop key="contentType">text/html;charset=UTF-8</prop><!-- contentType -->
			</props>
		</property>
	</bean>

	<bean id="velocityViewResolver" class="commons.spring.mvc.view.VelocityLayoutWithCommonToolsViewResolver">
		<property name="cache" value="false"></property><!--是否缓存模板 -->
		<property name="suffix" value=".vm" />
		<property name="prefix" value="/WEB-INF/vm/" />
		<property name="layoutUrl" value="/WEB-INF/vm/layout/default.vm" />
		<property name="exposeSpringMacroHelpers" value="true" />
		<property name="dateToolAttribute" value="dateTool" />
		<property name="numberToolAttribute" value="numberTool" />
		<property name="contentType" value="text/html;charset=UTF-8"></property>
	</bean>
	
</beans>