<?xml version="1.0" encoding="UTF-8"?>
<beans xmlns="http://www.springframework.org/schema/beans"
	xmlns:xsi="http://www.w3.org/2001/XMLSchema-instance" xmlns:aop="http://www.springframework.org/schema/aop"
	xmlns:tx="http://www.springframework.org/schema/tx"
	xsi:schemaLocation="http://www.springframework.org/schema/beans http://www.springframework.org/schema/beans/spring-beans-3.0.xsd
           http://www.springframework.org/schema/aop http://www.springframework.org/schema/aop/spring-aop-3.0.xsd
           http://www.springframework.org/schema/tx http://www.springframework.org/schema/tx/spring-tx-3.0.xsd"
	default-autowire="byName" default-lazy-init="false">

	<bean id="rpcJdUserService" class="com.jd.sns.u.soa.client.IceClientBean"
		destroy-method="close">
		<property name="prxClsName" value="com.jd.uic.soa.rpc.RpcJdUserServicePrx" />
		<property name="url"
			value="${rpcJdUserService.url}" />
		<property name="context">
			<map>
				<entry key="APP">
					<value>safe.360buy.com</value>
				</entry>
				<entry key="TOKEN">
					<value>${sns.biz.api.userice.token}</value>
				</entry>
			</map>
		</property>
	</bean>

	<bean id="rpcJdUserUpdateService" class="com.jd.sns.u.soa.client.IceClientBean"
		destroy-method="close">
		<property name="prxClsName" value="com.jd.uic.soa.rpc.RpcJdUserUpdateServicePrx" />
		<property name="url"
			value="${rpcJdUserUpdateService.url}" />
		<property name="context">
			<map>
				<entry key="APP">
					<value>safe.360buy.com</value>
				</entry>
				<entry key="TOKEN">
					<value>${sns.biz.api.userice.token}</value>
				</entry>
			</map>
		</property>
	</bean>

	<bean id="clubIceRpcClient" class="com.jd.sns.club.soa.util.IceClientBean">
		<property name="prxClsName" value="com.jd.sns.club.soa.api.ClubIceRpcServicePrx" />
		<property name="url"
			value="${clubIceRpcClient.url}" />
		<property name="timeout" value="2000" />
		<property name="context">
			<map>
				<entry key="TOKEN" value="${sns.biz.api.userice.token}" />
				<entry key="APP" value="${clubIceRpcClient.app}" />
			</map>
		</property>
		<property name="communicatorProperties">
			<map>
				<entry key="Ice.ThreadPool.Client.Size" value="2" />
				<entry key="Ice.ThreadPool.Client.SizeMax" value="10" />
			</map>
		</property>
	</bean>

</beans>