<?xml version="1.0" encoding="UTF-8"?>
<beans xmlns="http://www.springframework.org/schema/beans" xmlns:xsi="http://www.w3.org/2001/XMLSchema-instance"
	xmlns:http-conf="http://cxf.apache.org/transports/http/configuration"
	xsi:schemaLocation="http://www.springframework.org/schema/beans http://www.springframework.org/schema/beans/spring-beans.xsd
    http://cxf.apache.org/transports/http/configuration http://cxf.apache.org/schemas/configuration/http-conf.xsd"
	default-autowire="byName">
	<!-- zookeeper中 redis config node path-->
	<!-- zookeeper client timeout -->
	<!--zookeeper 配置结束 -->
	<!--
	<bean id="redisUtils" class="com.jd.data.spring.RedisClientFactoryBean"> 
	<property name="zooKeeperServers" value="192.168.200.216:2182,192.168.200.216:2181,192.168.200.216:2183"/>
	
	<property name="zooKeeperConfigRedisNodeName" value="/config/redis/user-limit/product"/>
	
	<property name="zooKeeperTimeout" value="500000"/>
	
	</bean>
-->
	<!--<bean id="redisUtilsOld" class="com.jd.data.spring.RedisClientFactoryBean">
        <property name="maxActive" value="${redis.maxActive}"/>

        <property name="maxIdle" value="${redis.maxIdle}"/>

        <property name="maxWait" value="${redis.maxWait}"/>

        <property name="testOnBorrow" value="${redis.testOnBorrow}"/>

        <property name="timeout" value="${redis.timeout}"/>

        <property name="masterConfString" value="${redis.masterConfString}"/>
    </bean>-->
     <!-- 云缓存配置 -->	
    <bean id="jdRedisConfigClient" class="com.jd.cachecloud.cfs.client.ConfigRESTClientFactoryBean"/>
    <bean id="jdRedisClient" class="com.jd.jim.cli.ReloadableJimClientFactoryBean">
        <property name="configClient" ref="jdRedisConfigClient"/>
        <property name="configId" value="${vop.cachecloud.redis.configId}"/>
        <property name="token" value="${vop.cachecloud.redis.token}"/>
    </bean>
    <bean id="jdCouldRedisUtils" class="com.jd.sns.biz.api.redis.impl.JdCloudRedisUtilsImpl"/>
    
    <!-- 缓存代理 -->
    <bean id="redisUtils" class="com.jd.sns.biz.api.redis.impl.JdRedisUtilsProxyImpl"/>
    
</beans>