<?xml version="1.0" encoding="UTF-8"?>
<beans xmlns="http://www.springframework.org/schema/beans"
	xmlns:xsi="http://www.w3.org/2001/XMLSchema-instance"
	xsi:schemaLocation="http://www.springframework.org/schema/beans http://www.springframework.org/schema/beans/spring-beans.xsd"
	default-autowire="byName">
<bean id="logIn" class="org.apache.cxf.interceptor.LoggingInInterceptor" />
	
	<bean id="logOut" class="org.apache.cxf.interceptor.LoggingOutInterceptor" />
	
	<bean id="qualificationWebService" class="com.jd.sns.biz.ws.invoice.QualificationWebService"		factory-bean="WebServiceSoapFactory" factory-method="create" />
	<bean id="WebServiceSoapFactory" class="org.apache.cxf.jaxws.JaxWsProxyFactoryBean">
		<property name="serviceClass"			value="com.jd.sns.biz.ws.invoice.QualificationWebService" />
		<property name="address" value="${invoice.ws.address}" />
		<property name="inInterceptors">
			<list>
				<ref bean="logIn" />
			</list>
		</property>
	
		<property name="outInterceptors">
			<list>
				<ref bean="logOut" />
			<!--引用token -->
				<ref bean="invoiceSOAPHeaderOrder" />
			</list>
		</property>
		
	</bean>
	<!--token注入 -->
	<bean id="invoiceAuthHeader" class="com.jd.common.ws.AuthHeader">
		<property name="key" value="AuthenticationHeader"/>
		<property name="qName" value="http://invoice.360buy.com/"/>
		<property name="content" value="${invoice.ws.content}" />		
		<property name="seed" value="${invoice.ws.send}" />
	</bean>

	<!--token认证 -->
	<bean id="invoiceSOAPHeaderOrder" class="com.jd.common.ws.SOAPHeaderIntercepter">
		<property name="authHeader" ref="invoiceAuthHeader" />
	</bean>

</beans>