<?xml version="1.0" encoding="UTF-8" ?> 
<!DOCTYPE mapper PUBLIC "-//mybatis.org//DTD Mapper 3.0//EN" 
"http://mybatis.org/dtd/mybatis-3-mapper.dtd"> 
<mapper namespace="com.jd.ka.eatmoney.dao.user.ContactGroupDao">	

  <resultMap id="ContactGroup-Map" type="ContactGroup">
 		<id property="id" column="id"/>
		<result property="ownerId" column="owner_id"/>
		<result property="ownerErp" column="owner_erp"/>
		<result property="groupName" column="group_name"/>
		<result property="remark" column="remark"/>
		<result property="gmtCreate" column="gmt_create"/>
		<result property="gmtModify" column="gmt_modify"/>
		<result property="parentId" column="parent_id"/>
        <result property="groupType" column="group_type"/>

	</resultMap>

	
	
	
	<sql id="COMMON-SQL">	
	   
		<where>
		<if test="id != null"> AND id = #{id}</if>
		<if test="ownerId != null"> AND owner_id = #{ownerId}</if>
        <if test="ownerErp != null"> AND owner_erp = #{ownerErp}</if>
		<if test="parentId != null"> AND parent_id = #{parentId}</if>
        <if test="groupName != null"> AND group_name like '#{groupName}%'</if>
         <if test="groupType != null"> AND group_type =#{groupType}</if>

        </where>
	 	
	</sql>
	
	<sql id="ORDER-SQL">
	 order by id desc
	</sql>
	

	<sql id="All-FIELDS">
		id,owner_id,owner_erp,group_name,remark,gmt_create,gmt_modify,parent_id,group_type
	</sql>

	<insert id="addContactGroup" parameterType="ContactGroup">
		insert into contact_group (id,owner_id,owner_erp,group_name,remark,gmt_create,gmt_modify,parent_id,group_type)
			values(#{id},#{ownerId},#{ownerErp},#{groupName},#{remark},#{gmtCreate},#{gmtModify},#{parentId},#{groupType})
    
		<selectKey resultType="java.lang.Integer" keyProperty="id" order="AFTER">
		   select last_insert_id() as ID from dual
		</selectKey> 
   
	 </insert>

    
    <update id="updateContactGroup" parameterType="ContactGroup" >
    	update  contact_group 
	<set>
			<if test="ownerId !=null"> owner_id = #{ownerId},</if>
			<if test="ownerErp !=null"> owner_erp = #{ownerErp},</if>
			<if test="groupName !=null"> group_name = #{groupName},</if>
			<if test="remark !=null"> remark = #{remark},</if>
			<if test="gmtCreate !=null"> gmt_create = #{gmtCreate},</if>
			<if test="gmtModify !=null"> gmt_modify = #{gmtModify},</if>
			<if test="parentId !=null"> parent_id = #{parentId},</if>
           <if test="groupType !=null"> group_type = #{groupType},</if>
	</set>
	 where id = #{id}
  	</update>
  
	

    

	<delete id="deleteContactGroup" parameterType="java.lang.Integer">
		DELETE FROM contact_group WHERE id = #{id}
	</delete>
	<select id="getContactGroupById" resultMap="ContactGroup-Map" parameterType="java.lang.Integer">
		SELECT  <include refid="All-FIELDS"/> FROM contact_group	 WHERE id = #{id}
	</select>  
    


	
	<select id="getAll" resultMap="ContactGroup-Map">
		<![CDATA[
			SELECT  id,owner_id,owner_erp,group_name,gmt_modify,parent_id FROM contact_group
		]]>
	</select>
	
	<select id="getListByExample" resultMap="ContactGroup-Map" parameterType="ContactGroup">
		SELECT   <include refid="All-FIELDS"/> FROM contact_group
            <include refid="COMMON-SQL" />
	</select>

    <select id="getListByExampleAndPublic" resultMap="ContactGroup-Map" parameterType="ContactGroup">
        SELECT   <include refid="All-FIELDS"/> FROM contact_group
        <where>
            <if test="ownerId != null"> AND owner_id = #{ownerId}</if>
            <if test="ownerErp != null"> AND owner_erp = #{ownerErp}</if>
            <if test="parentId != null"> AND parent_id = #{parentId}</if>
            OR group_type=2
        </where>
        ORDER  BY group_type ASC
    </select>

	
	<select id="getContactGroupByPage" resultMap="ContactGroup-Map" parameterType="java.util.HashMap">
		<![CDATA[
			SELECT  id,owner_id,owner_erp,group_name,remark,gmt_create,gmt_modify,parent_id,group_type FROM contact_group
		]]>
            <include refid="COMMON-SQL" />
            <include refid="ORDER-SQL" />
		LIMIT #{startIndex},#{pageSize}
	</select>
	
	<select id="count" resultType="java.lang.Integer" parameterType="java.util.HashMap">
		<![CDATA[
			SELECT COUNT(1) FROM contact_group
		]]>
		
              <include refid="COMMON-SQL" />
	</select>
	


</mapper>