<?xml version="1.0" encoding="UTF-8" ?> 
<!DOCTYPE mapper PUBLIC "-//mybatis.org//DTD Mapper 3.0//EN" 
"http://mybatis.org/dtd/mybatis-3-mapper.dtd"> 
<mapper namespace="com.jd.ka.eatmoney.dao.user.ContactUserItemDao">	

  <resultMap id="ContactUserItem-Map" type="ContactUserItem">
 		<id property="id" column="id"/>
		<result property="ownerId" column="owner_id"/>
		<result property="ownerErp" column="owner_erp"/>
		<result property="friendId" column="friend_id"/>
		<result property="friendErp" column="friend_erp"/>
		<result property="gmtCreate" column="gmt_create"/>
		<result property="status" column="status"/>
		<result property="groupId" column="group_id"/>
		<result property="aliasName" column="alias_name"/>

	</resultMap>

	
	
	
	<sql id="COMMON-SQL">	
	   
		<where>
		<if test="id != null"> AND id = #{id}</if>
		<if test="ownerErp != null"> AND owner_erp = #{ownerErp}</if>
		<if test="friendErp != null"> AND friend_erp = #{friendErp}</if>
		<if test="status != null"> AND status = #{status}</if>
		<if test="groupId != null"> AND group_id = #{groupId}</if>
         <if test="aliasName != null"> AND alias_name = #{aliasName}</if>

        </where>
	 	
	</sql>
	
	<sql id="ORDER-SQL">
	 order by id desc
	</sql>
	

	<sql id="All-FIELDS">
		id,owner_id,owner_erp,friend_id,friend_erp,gmt_create,status,group_id,alias_name
	</sql>

	<insert id="addContactUserItem" parameterType="ContactUserItem">
		insert into contact_user_item (id,owner_id,owner_erp,friend_id,friend_erp,gmt_create,status,group_id,alias_name)
			values(#{id},#{ownerId},#{ownerErp},#{friendId},#{friendErp},#{gmtCreate},#{status},#{groupId},#{aliasName})
    
		<selectKey resultType="java.lang.Integer" keyProperty="id" order="AFTER">
		   select last_insert_id() as ID from dual
		</selectKey> 
   
	 </insert>

    
    <update id="updateContactUserItem" parameterType="ContactUserItem" >
    	update  contact_user_item 
	<set>
			<if test="ownerId !=null"> owner_id = #{ownerId},</if>
			<if test="ownerErp !=null"> owner_erp = #{ownerErp},</if>
			<if test="friendId !=null"> friend_id = #{friendId},</if>
			<if test="friendErp !=null"> friend_erp = #{friendErp},</if>
			<if test="gmtCreate !=null"> gmt_create = #{gmtCreate},</if>
			<if test="status !=null"> status = #{status},</if>
			<if test="groupId !=null"> group_id = #{groupId},</if>
			<if test="aliasName !=null"> alias_name = #{aliasName},</if>

	</set>
	 where id = #{id}
  	</update>
  
	

    

	<delete id="deleteContactUserItem" parameterType="java.lang.Integer">
		DELETE FROM contact_user_item WHERE id = #{id}
	</delete>
	<select id="getContactUserItemById" resultMap="ContactUserItem-Map" parameterType="java.lang.Integer">
		SELECT  <include refid="All-FIELDS"/> FROM contact_user_item	WHERE id = #{id}
	</select>  
    


	
	<select id="getAll" resultMap="ContactUserItem-Map">
		<![CDATA[
			SELECT  id,owner_id,owner_erp,friend_id,friend_erp,status,group_id,alias_name FROM contact_user_item
		]]>
	</select>
	
	<select id="getListByExample" resultMap="ContactUserItem-Map" parameterType="ContactUserItem">
		SELECT   <include refid="All-FIELDS"/> FROM contact_user_item
            <include refid="COMMON-SQL" />
	</select>

    <select id="getUnique" resultMap="ContactUserItem-Map" parameterType="ContactUserItem">
        SELECT   <include refid="All-FIELDS"/> FROM contact_user_item
        <include refid="COMMON-SQL" /> limit 1
    </select>



    <select id="getContactUserItemByPage" resultMap="ContactUserItem-Map" parameterType="java.util.HashMap">
		<![CDATA[
			SELECT  id,owner_id,owner_erp,friend_id,friend_erp,status,group_id,alias_name FROM contact_user_item 
		]]>
            <include refid="COMMON-SQL" />
            <include refid="ORDER-SQL" />
		LIMIT #{startIndex},#{pageSize}
	</select>
	
	<select id="count" resultType="java.lang.Integer" parameterType="java.util.HashMap">
		<![CDATA[
			SELECT COUNT(1) FROM contact_user_item
		]]>
		
              <include refid="COMMON-SQL" />
	</select>
	


</mapper>