<?xml version="1.0" encoding="UTF-8" ?> 
<!DOCTYPE mapper PUBLIC "-//mybatis.org//DTD Mapper 3.0//EN" 
"http://mybatis.org/dtd/mybatis-3-mapper.dtd"> 
<mapper namespace="com.jd.ka.eatmoney.dao.user.EatOrgDao">	

  <resultMap id="EatOrg-Map" type="EatOrg">
 		<id property="id" column="id"/>
		<result property="name" column="name"/>
		<result property="parentId" column="parent_id"/>
		<result property="creator" column="creator"/>
		<result property="state" column="state"/>
		<result property="created" column="created"/>
		<result property="modified" column="modified"/>

	</resultMap>

	
	
	
	<sql id="COMMON-SQL">	
	   
		<where>
		<if test="id != null"> AND id = #{id}</if>
		<if test="name != null"> AND name = #{name}</if>
		<if test="parentId != null"> AND parent_id = #{parentId}</if>
		<if test="state != null"> AND state = #{state}</if>
		
		</where>
	 	
	</sql>
	
	<sql id="ORDER-SQL">
	 order by id desc
	</sql>
	

	<sql id="All-FIELDS">
		id,name,parent_id,creator,state,created,modified
	</sql>

	<insert id="addEatOrg" parameterType="EatOrg">
		insert into eat_org (id,name,parent_id,creator,state,created,modified)
			values(#{id},#{name},#{parentId},#{creator},#{state},#{created},#{modified})
    
		<selectKey resultType="java.lang.Integer" keyProperty="id" order="AFTER">
		   select last_insert_id() as ID from dual
		</selectKey> 
   
	 </insert>

    
    <update id="updateEatOrg" parameterType="EatOrg" >
    	update  eat_org 
	<set>
			<if test="name !=null"> name = #{name},</if>
			<if test="parentId !=null"> parent_id = #{parentId},</if>
			<if test="creator !=null"> creator = #{creator},</if>
			<if test="state !=null"> state = #{state},</if>
			<if test="created !=null"> created = #{created},</if>
			<if test="modified !=null"> modified = #{modified},</if>

	</set>
	 where id = #{id}
  	</update>
  
	

    

	<delete id="deleteEatOrg" parameterType="java.lang.Integer">
		DELETE FROM eat_org WHERE id = #{id}
	</delete>
	<select id="getEatOrgById" resultMap="EatOrg-Map" parameterType="java.lang.Integer">
		SELECT  <include refid="All-FIELDS"/> FROM eat_org	WHERE id = #{id}
	</select>  
    


	
	<select id="getAll" resultMap="EatOrg-Map">
		<![CDATA[
			SELECT  id,name,parent_id,creator,state,modified FROM eat_org
		]]>
	</select>
	
	<select id="getListByExample" resultMap="EatOrg-Map" parameterType="EatOrg">
		SELECT   <include refid="All-FIELDS"/> FROM eat_org
            <include refid="COMMON-SQL" />
	</select>
	
	
	<select id="getEatOrgByPage" resultMap="EatOrg-Map" parameterType="java.util.HashMap">
		<![CDATA[
			SELECT  id,name,parent_id,creator,state,modified FROM eat_org 
		]]>
            <include refid="COMMON-SQL" />
            <include refid="ORDER-SQL" />
		LIMIT #{startIndex},#{pageSize}
	</select>
	
	<select id="count" resultType="java.lang.Integer" parameterType="java.util.HashMap">
		<![CDATA[
			SELECT COUNT(1) FROM eat_org
		]]>
		
              <include refid="COMMON-SQL" />
	</select>
	


</mapper>