<?xml version="1.0" encoding="UTF-8" ?> 
<!DOCTYPE mapper PUBLIC "-//mybatis.org//DTD Mapper 3.0//EN" 
"http://mybatis.org/dtd/mybatis-3-mapper.dtd"> 
<mapper namespace="com.jd.ka.eatmoney.dao.user.EatUserDao">	

  <resultMap id="EatUser-Map" type="EatUser">
 		<id property="id" column="id"/>
		<result property="erpAccount" column="erp_account"/>
		<result property="password" column="password"/>
		<result property="userName" column="user_name"/>
		<result property="gender" column="gender"/>
		<result property="age" column="age"/>
		<result property="headLogo" column="head_logo"/>
		<result property="userStatus" column="user_status"/>
		<result property="userType" column="user_type"/>
		<result property="slogan" column="slogan"/>
		<result property="orgId" column="org_id"/>
		<result property="gmtCreate" column="gmt_create"/>
		<result property="gmtUpdate" column="gmt_update"/>
		<result property="submitErpAcct" column="submit_erp_acct"/>

	</resultMap>

	
	
	
	<sql id="COMMON-SQL">	
	   
		<where>
		<if test="id != null"> AND id = #{id}</if>
		<if test="userStatus != null"> AND user_status = #{userStatus}</if>
		<if test="userType != null"> AND user_type = #{userType}</if>
		<if test="orgId != null"> AND org_id = #{orgId}</if>
		<if test="erpAccount!=null">erp_account=#{erpAccount}</if>
         <if test="userName!=null">user_name=#{userName}</if>
         <if test="submitErpAcct!=null">submit_erp_acct=#{submitErpAcct}</if>
		</where>
	 	
	</sql>
	
	<sql id="ORDER-SQL">
	 order by id desc
	</sql>
	

	<sql id="All-FIELDS">
		id,erp_account,password,user_name,gender,age,head_logo,user_status,user_type,slogan,org_id,gmt_create,gmt_update,submit_erp_acct
	</sql>

	<insert id="addEatUser" parameterType="EatUser">
		insert into eat_user (id,erp_account,password,user_name,gender,age,head_logo,user_status,user_type,slogan,org_id,gmt_create,gmt_update,submit_erp_acct)
			values(#{id},#{erpAccount},#{password},#{userName},#{gender},#{age},#{headLogo},#{userStatus},#{userType},#{slogan},#{orgId},#{gmtCreate},#{gmtUpdate},#{submitErpAcct})
    
		<selectKey resultType="java.lang.Integer" keyProperty="id" order="AFTER">
		   select last_insert_id() as ID from dual
		</selectKey> 
   
	 </insert>

    
    <update id="updateEatUser" parameterType="EatUser" >
    	update  eat_user 
	<set>
			<if test="erpAccount !=null"> erp_account = #{erpAccount},</if>
			<if test="password !=null"> password = #{password},</if>
			<if test="userName !=null"> user_name = #{userName},</if>
			<if test="gender !=null"> gender = #{gender},</if>
			<if test="age !=null"> age = #{age},</if>
			<if test="headLogo !=null"> head_logo = #{headLogo},</if>
			<if test="userStatus !=null"> user_status = #{userStatus},</if>
			<if test="userType !=null"> user_type = #{userType},</if>
			<if test="slogan !=null"> slogan = #{slogan},</if>
			<if test="orgId !=null"> org_id = #{orgId},</if>
			<if test="gmtCreate !=null"> gmt_create = #{gmtCreate},</if>
			<if test="gmtUpdate !=null"> gmt_update = #{gmtUpdate},</if>
			<if test="submitErpAcct !=null"> submit_erp_acct = #{submitErpAcct},</if>

	</set>
	 where id = #{id}
  	</update>
  
	

    

	<delete id="deleteEatUser" parameterType="java.lang.Integer">
		DELETE FROM eat_user WHERE id = #{id}
	</delete>
	<select id="getEatUserById" resultMap="EatUser-Map" parameterType="java.lang.Integer">
		SELECT  <include refid="All-FIELDS"/> FROM eat_user	WHERE id = #{id}
	</select>  
    


	
	<select id="getAll" resultMap="EatUser-Map">
		<![CDATA[
			SELECT  id,erp_account,password,user_name,gender,age,head_logo,user_status,user_type,slogan,org_id,gmt_update,submit_erp_acct FROM eat_user
		]]>
	</select>
	
	<select id="getListByExample" resultMap="EatUser-Map" parameterType="EatUser">
		SELECT   <include refid="All-FIELDS"/> FROM eat_user
            <include refid="COMMON-SQL" />
	</select>
	
	
	<select id="getEatUserByPage" resultMap="EatUser-Map" parameterType="java.util.HashMap">
		<![CDATA[
			SELECT  id,erp_account,password,user_name,gender,age,head_logo,user_status,user_type,slogan,org_id,gmt_update,submit_erp_acct FROM eat_user 
		]]>
            <include refid="COMMON-SQL" />
            <include refid="ORDER-SQL" />
		LIMIT #{startIndex},#{pageSize}
	</select>
	
	<select id="count" resultType="java.lang.Integer" parameterType="java.util.HashMap">
		<![CDATA[
			SELECT COUNT(1) FROM eat_user
		]]>
		
              <include refid="COMMON-SQL" />
	</select>
	

    <select id="getEatUserListByGroupId" resultMap="EatUser-Map">
        	SELECT  id,erp_account,password,user_name,gender,age,head_logo,user_status,user_type,slogan,org_id,gmt_update,submit_erp_acct FROM eat_user
        	WHERE erp_account in (SELECT friend_erp FROM contact_user_item WHERE group_id=#{groupId}) and USER_STATUS=1 ORDER BY id DESC
    </select>

</mapper>