<?xml version="1.0" encoding="UTF-8" ?>
<!DOCTYPE sqlMap PUBLIC "-//ibatis.apache.org//DTD SQL Map 2.0//EN" "http://ibatis.apache.org/dtd/sql-map-2.dtd" >
<sqlMap namespace="BizInvoice">

	<resultMap id="bizInvoiceResult" class="com.jd.sns.biz.api.domain.BizInvoice">
		<result property="id" column="id" />
		<result property="jdOrder" column="jdOrder" />
		<result property="markId" column="markId" />
		<result property="invoiceType" column="invoiceType" />
		<result property="invoiceOrg" column="invoiceOrg" />
		<result property="bizInvoiceContent" column="bizInvoiceContent" />
		<result property="invoiceDate" column="invoiceDate" />
		<result property="title" column="title" />
		<result property="repaymentDate" column="repaymentDate" />
		<result property="invoiceId" column="invoiceId" />
		<result property="state" column="state" />
		<result property="yn" column="yn" />
		<result property="created" column="created" />
		<result property="modified" column="modified" />
		<result property="clientId" column="client_id" />
		<result property="invoicePrice" column="invoice_price" />
		<result property="invoiceNum" column="invoice_num" />
		<result property="settlementId" column="settlement_id" />
		<result property="settlementNum" column="settlement_num" />
		<result property="settlementPrice" column="settlement_price" />
		<result property="pin" column="pin" />
	</resultMap>
	
	<select id="selectBizInvoiceByMarkId" resultMap="bizInvoiceResult" parameterClass="com.jd.sns.biz.api.domain.BizInvoice">
		select id,jdOrder,markId,invoiceType,invoiceOrg,bizInvoiceContent,invoiceDate,title,repaymentDate,invoiceId,state,yn,created,modified,client_id,invoice_price,invoice_num,settlement_id,settlement_num,settlement_price,pin 
		from biz_invoice where markId=#markId# and yn=1 order by id desc limit 1
	</select>
	
	<insert id="insertBizInvoice" parameterClass="com.jd.sns.biz.api.domain.BizInvoice">
		insert into biz_invoice
		(jdOrder,markId,invoiceType,invoiceOrg,bizInvoiceContent,invoiceDate,title,repaymentDate,invoiceId,state,yn,created,modified,client_id,invoice_price,invoice_num,settlement_id,settlement_num,settlement_price,pin)
		values (#jdOrder#,#markId#,#invoiceType#,#invoiceOrg#,#bizInvoiceContent#,#invoiceDate#,#title#,#repaymentDate#,#invoiceId#,#state#,#yn#,now(),now(),#clientId#,#invoicePrice#,#invoiceNum#,#settlementId#,#settlementNum#,#settlementPrice#, #pin#)
	</insert>










	<update id="updateBizInvoiceState" parameterClass="com.jd.sns.biz.api.domain.BizInvoice">
		update biz_invoice set yn=#yn#,state=#state#,invoiceId=#invoiceId# where id=#id#
	</update>
	
	
	<select id="getAll" resultMap="bizInvoiceResult" parameterClass="com.jd.sns.biz.api.domain.BizInvoice">
		select id,jdOrder,markId,invoiceType,invoiceOrg,bizInvoiceContent,invoiceDate,title,repaymentDate,invoiceId,state,yn,created,modified,client_id,invoice_price,invoice_num,settlement_id,settlement_num,settlement_price,pin 
		from biz_invoice
	</select>
	
</sqlMap>