<?xml version="1.0" encoding="UTF-8" ?>
<!DOCTYPE sqlMap PUBLIC "-//ibatis.apache.org//DTD SQL Map 2.0//EN" "http://ibatis.apache.org/dtd/sql-map-2.dtd" >
<sqlMap namespace="BizOrder">

	<typeAlias alias="bizOrder" type="com.jd.sns.biz.api.domain.BizOrder" />
	<resultMap id="bizOrderResult" class="bizOrder">
		<result property="id" column="id" />
		<result property="jdOrderId" column="jd_order_id" />
		<result property="clientId" column="client_id" />
		<result property="jdDemandOrder" column="jd_demand_order" />
		<result property="pin" column="pin" />
		<result property="thirdOrder" column="third_order" />
		<result property="sku" column="sku" />
		<result property="province" column="province" />
		<result property="city" column="city" />
		<result property="county" column="county" />
		<result property="town" column="town" />
		<result property="orderPrice" column="order_price" />
		<result property="name" column="name" />
		<result property="address" column="address" />
		<result property="zip" column="zip" />
		<result property="phone" column="phone" />
		<result property="mobile" column="mobile" />
		<result property="email" column="email" />
		<result property="parentId" column="parent_id" />
		<result property="type" column="type" />
		<result property="state" column="state" />
		<result property="orderState" column="order_state" />
		<result property="submitOrderTime" column="submit_order_time" />
		<result property="trackUpdateTime" column="track_update_time" />
		<result property="remark" column="remark" />
		<result property="created" column="created" />
		<result property="updated" column="updated" />
		<result property="ip" column="ip" />
		<result property="hangUpState" column="hang_up_state" />
		<result property="invoiceState" column="invoice_state" />
		<result property="submitState" column="submit_state" />
		<result property="createOrderTime" column="create_order_time" />
		<result property="orderguid" column="orderguid" />
		<result property="paymentType" column="payment_type" />
	</resultMap>
	
	<select id="selectJdOrder" resultMap="bizOrderResult" parameterClass="com.jd.sns.biz.api.domain.BizOrder">
		select id,jd_order_id,client_id,jd_demand_order,pin,third_order,sku,province,
		city,county,town,order_price,name,address,zip,phone,mobile,email,parent_id,
		type,state,order_state,remark,submit_order_time,track_update_time,created,updated,ip,hang_up_state,
		invoice_state,submit_state,create_order_time,orderguid,payment_type 
		from biz_order where client_id=#clientId# and jd_order_id=#jdOrderId# and order_state!=2
	</select>
	
	<select id="selectParentJdOrderByThirdOrder" resultMap="bizOrderResult" parameterClass="com.jd.sns.biz.api.domain.BizOrder">
		select id,jd_order_id,client_id,jd_demand_order,pin,third_order,sku,province,
		city,county,town,order_price,name,address,zip,phone,mobile,email,parent_id,
		type,state,order_state,remark,submit_order_time,track_update_time,created,updated,ip,hang_up_state,
		invoice_state,submit_state,create_order_time,orderguid,payment_type
		from biz_order where client_id=#clientId# and third_order=#thirdOrder# and order_state=1 and parent_id=0 order by id desc limit 1
	</select>
	
	<select id="selectChildJdOrder" resultMap="bizOrderResult" parameterClass="com.jd.sns.biz.api.domain.BizOrder">
		select id,jd_order_id,client_id,jd_demand_order,pin,third_order,sku,province,
		city,county,town,order_price,name,address,zip,phone,mobile,email,parent_id,
		type,state,order_state,remark,submit_order_time,track_update_time,created,updated,ip,hang_up_state,
		invoice_state,submit_state,create_order_time,orderguid,payment_type
		from biz_order where parent_id=#jdOrderId# and client_id=#clientId# and order_state!=2 
	</select>
	
	<select id="checkThirdOrderExist" resultClass="int" parameterClass="com.jd.sns.biz.api.domain.BizOrder">
		select count(id) from biz_order where third_order=#thirdOrder# and order_state=1 and client_id=#clientId#
	</select>
	
	<select id="checkDemandOrderExist" resultClass="int" parameterClass="com.jd.sns.biz.api.domain.BizOrder">
		select count(id) from biz_order where jd_demand_order=#jdDemandOrder# and client_id=#clientId# and order_state=1
	</select>

	<insert id="submitOrder" parameterClass="com.jd.sns.biz.api.domain.BizOrder">
		insert into biz_order 
		(jd_order_id,client_id,jd_demand_order,pin,third_order,sku,province,
		city,county,town,order_price,name,address,zip,phone,mobile,email,
		type,state,order_state,remark,created,submit_order_time,parent_id,ip,hang_up_state,invoice_state,submit_state,create_order_time,orderguid,
		invoice_type,selected_invoice_title,company_name,invoice_content,price_type,is_use_balance,payment_type)
		values (#jdOrderId#,#clientId#,#jdDemandOrder#,#pin#,#thirdOrder#,#sku#,#province#,#city#,#county#,#town#,
		#orderPrice#,#name#,#address#,#zip#,#phone#,#mobile#,#email#,#type#,#state#,#orderState#,#remark#, now(), #submitOrderTime#,#parentId#,#ip#,
		#hangUpState#,#invoiceState#,#submitState#, now(), #orderguid#,
		#invoiceType#, #selectedInvoiceTitle#, #companyName#, #invoiceContent#, #priceType#,#isUseBalance#,#paymentType#)
		
		<selectKey resultClass="long" keyProperty="id"> 
			SELECT @@IDENTITY AS id 
		</selectKey> 
	</insert>
	
	<update id="updateOrderState" parameterClass="com.jd.sns.biz.api.domain.BizOrder" >
  		update biz_order set order_state=#orderState# where jd_order_id=#jdOrderId# and client_id=#clientId#
  	</update>
  	
	<select id="checkBizOrderExistByClientIdAndOrderId" resultClass="int" parameterClass="com.jd.sns.biz.api.domain.BizOrder">
		select count(id) from biz_order where jd_order_id=#jdOrderId# and order_state=1 and client_id=#clientId#
	</select>
	
	<select id="getTotalNumByCreateDateAndState" resultClass="int" parameterClass="com.jd.sns.biz.api.domain.CheckOrderPage">
		<![CDATA[ select count(id) from biz_order where order_state=1 and client_id=#clientId# and type=2 and submit_order_time>=#startDate# and submit_order_time<#endDate# and submit_state=1 ]]>
	</select>
	
	<select id="getBizOrderByCreateDateAndPageAndState" resultMap="bizOrderResult" parameterClass="com.jd.sns.biz.api.domain.CheckOrderPage">
		<![CDATA[ select id,jd_order_id,client_id,jd_demand_order,pin,third_order,sku,province,
		city,county,town,order_price,name,address,zip,phone,mobile,email,parent_id,
		type,state,order_state,remark,submit_order_time,track_update_time,created,updated,ip,hang_up_state,
		invoice_state,submit_state,create_order_time,orderguid,payment_type
		from biz_order where order_state=1 and submit_state=1 and client_id=#clientId# and submit_order_time>=#startDate# and type=2 and submit_order_time<#endDate# limit #startNum#,#count# ]]>
	</select>
	
	<select id="getTotalNumByTrackDateAndState" resultClass="int" parameterClass="com.jd.sns.biz.api.domain.CheckOrderPage">
		<![CDATA[ select count(id) from biz_order where order_state=1 and client_id=#clientId# and type=2 and state=#state# and track_update_time>=#startDate# and track_update_time<#endDate# ]]>
	</select>
	
	<select id="getBizOrderByTrackDateAndPageAndState" resultMap="bizOrderResult" parameterClass="com.jd.sns.biz.api.domain.CheckOrderPage">
		<![CDATA[ select id,jd_order_id,client_id,jd_demand_order,pin,third_order,sku,province,
		city,county,town,order_price,name,address,zip,phone,mobile,email,parent_id,
		type,state,order_state,remark,submit_order_time,track_update_time,created,updated,ip,hang_up_state,
		invoice_state,submit_state,create_order_time,orderguid,payment_type
		from biz_order where order_state=1 and client_id=#clientId# and state=#state# and type=2 and track_update_time>=#startDate# and track_update_time<#endDate# limit #startNum#,#count# ]]>
	</select>
	
	<select id="getTotalNumByInvoiceState" resultClass="int" parameterClass="com.jd.sns.biz.api.domain.CheckOrderPage">
		<![CDATA[ select count(id) from biz_order where order_state=1 and client_id=#clientId# and submit_state=1 and type=2 and state=1 and invoice_state=0 and hang_up_state=0 and submit_order_time<#endDate# ]]>
	</select>
	
	<select id="getBizOrderByInvoiceState" resultMap="bizOrderResult" parameterClass="com.jd.sns.biz.api.domain.CheckOrderPage">
		<![CDATA[ select id,jd_order_id,client_id,jd_demand_order,pin,third_order,sku,province,
		city,county,town,order_price,name,address,zip,phone,mobile,email,parent_id,
		type,state,order_state,remark,submit_order_time,track_update_time,created,updated,ip,hang_up_state,
		invoice_state,submit_state,create_order_time,orderguid,payment_type
		from biz_order where order_state=1 and client_id=#clientId# and state=1 and type=2 and submit_state=1 and invoice_state=0 and hang_up_state=0 and submit_order_time<#endDate# limit #startNum#,#count# ]]>
	</select>
	
	<select id="getBizOrderByHangUpState" resultMap="bizOrderResult" parameterClass="String">
		select id,jd_order_id,client_id,jd_demand_order,pin,third_order,sku,province,
		city,county,town,order_price,name,address,zip,phone,mobile,email,parent_id,
		type,state,order_state,remark,submit_order_time,track_update_time,created,updated,ip,hang_up_state,
		invoice_state,submit_state,create_order_time,orderguid,payment_type
		from biz_order where order_state=1 and client_id=#clientId# and hang_up_state=1
	</select>
	
	<update id="updateHangUpState" parameterClass="com.jd.sns.biz.api.domain.BizOrder" >
  		update biz_order set hang_up_state=#hangUpState#,updated=now() where jd_order_id=#jdOrderId# and client_id=#clientId# and order_state=1
  	</update>
  	
  	<update id="updateSubmitOrderStateById" parameterClass="com.jd.sns.biz.api.domain.BizOrder" >
  		update biz_order set updated=now(),jd_order_id=#jdOrderId#,order_state=#orderState#	where id=#id# and client_id=#clientId#
  	</update>
  	
  	<update id="confirmSubmitOrder" parameterClass="com.jd.sns.biz.api.domain.BizOrder" >
  		update biz_order set updated=now(),submit_order_time=now(),submit_state=1 where jd_order_id=#jdOrderId# and client_id=#clientId# and order_state=1 
  	</update>

	<select id="getAll" resultMap="bizOrderResult">
		select id,jd_order_id,client_id,jd_demand_order,pin,third_order,sku,province,
		city,county,town,order_price,name,address,zip,phone,mobile,email,parent_id,
		type,state,order_state,remark,submit_order_time,track_update_time,created,updated,ip,hang_up_state,
		invoice_state,submit_state,create_order_time,orderguid,payment_type 
		from biz_order
	</select>
	
	<update id="updateOneOrderState" parameterClass="com.jd.sns.biz.api.domain.BizOrder" >
  		update biz_order set type=#type#,state=#state#,order_state=#orderState#,parent_id=#parentId#,hang_up_state=#hangUpState#,invoice_state=#invoiceState#,submit_state=#submitState# where jd_order_id=#jdOrderId#
  	</update>
	
	<select id="selectJdOrderListByThirdOrder" resultMap="bizOrderResult" parameterClass="com.jd.sns.biz.api.domain.BizOrder">
		select id,jd_order_id,client_id,jd_demand_order,pin,third_order,sku,province,
		city,county,town,order_price,name,address,zip,phone,mobile,email,parent_id,
		type,state,order_state,remark,submit_order_time,track_update_time,created,updated,ip,hang_up_state,
		invoice_state,submit_state,create_order_time,orderguid,payment_type 
		from biz_order where third_order=#thirdOrder# and order_state!=2 and client_id=#clientId# and type=2
	</select>
	
</sqlMap>