<?xml version="1.0" encoding="UTF-8" ?>
<!DOCTYPE sqlMap PUBLIC "-//ibatis.apache.org//DTD SQL Map 2.0//EN" "http://ibatis.apache.org/dtd/sql-map-2.dtd" >
<sqlMap namespace="BizMessage">

	<typeAlias alias="bizMessage" type="com.jd.sns.biz.api.domain.BizMessage" />
	<resultMap id="bizMessageResult" class="bizMessage">
		<result property="id" column="id" />
		<result property="clientId" column="client_id" />
		<result property="result" column="result" />
		<result property="type" column="type" />
		<result property="created" column="created" />
		<result property="updated" column="updated" />
		<result property="yn" column="yn" />
	</resultMap>
	
	<select id="getMessageList" resultMap="bizMessageResult"
		parameterClass="com.jd.sns.biz.api.domain.BizMessageParam">
		select id,client_id,result,type,created,updated,yn from biz_message where client_id=#clientId#
		<isNotNull property="ids" prepend="AND">
			type in 
			<iterate property="ids" open="(" close=")" conjunction=",">
				#ids[]#
			</iterate>
   		</isNotNull>
   		and yn=1
   		
		limit 100
	</select>

	<update id="delMessages" parameterClass="com.jd.sns.biz.api.domain.BizMessageParam">
		update biz_message set yn=0,updated=now() where client_id=#clientId# and id in 
		<iterate property="ids" open="(" close=")" conjunction=",">
			#ids[]#
		</iterate>
	</update>

	<insert id="insertMessage" parameterClass="com.jd.sns.biz.api.domain.BizMessage">
		insert into
		biz_message (client_id,result,type,created,updated,yn) values
		(#clientId#,#result#,#type#,#created#,now(),1)
	</insert>
	
	
	<select id="getAll" resultMap="bizMessageResult" parameterClass="com.jd.sns.biz.api.domain.BizMessage">
		select id,client_id,result,type,created,updated,yn from biz_message where type=#type# and yn=#yn#
	</select>
	
	<update id="updateOne" parameterClass="com.jd.sns.biz.api.domain.BizMessage">
		update biz_message set type=#type#,yn=#yn# where id=#id#
	</update>
	
	<update id="initUpdateYn">
		update biz_message set yn=1
	</update>
	
	<update id="initUpdateYnByType">
		update biz_message set yn=0 where type=-1
	</update>
	
	<delete id="deleteByClientId" parameterClass="java.lang.String">
		delete from biz_message where client_id=#value#
	</delete>
</sqlMap>