<?xml version="1.0" encoding="UTF-8" ?>
<!DOCTYPE sqlMap PUBLIC "-//ibatis.apache.org//DTD SQL Map 2.0//EN" "http://ibatis.apache.org/dtd/sql-map-2.dtd" >
<sqlMap namespace="BizOrderFlow">

	<typeAlias alias="bizOrderFlow" type="com.jd.sns.biz.api.domain.BizOrderFlow" />
	<resultMap id="bizOrderFlowResult" class="bizOrderFlow">
		<result property="id" column="id" />
		<result property="orderId" column="order_id" />
		<result property="clientId" column="client_id" />
		<result property="workType" column="work_type" />
		<result property="workInfo" column="work_info" />
		<result property="status" column="status" />
		<result property="created" column="created" />
		<result property="modified" column="modified" />
	</resultMap>
	
	<select id="getBizOrderFlowByStatus" resultMap="bizOrderFlowResult" parameterClass="com.jd.sns.biz.api.domain.BizOrderFlow">
		select id,order_id,client_id,work_type,work_info,status,created,modified 
		from biz_order_flow where client_id=#clientId# and status=#status#
	</select>
	
	<insert id="insertBizOrderFlow" parameterClass="com.jd.sns.biz.api.domain.BizOrderFlow">
		insert into biz_order_flow 
		(order_id,client_id,work_type,work_info,status,created,modified)
		values (#orderId#,#clientId#,#workType#,#workInfo#,#status#,now(),now())
	</insert>
	
	<insert id="insertBizOrderFlowDetail" parameterClass="com.jd.sns.biz.api.domain.BizOrderFlow">
		insert into biz_order_flow_detail 
		(order_id,client_id,work_type,work_info,status,operator,created,modified)
		values (#orderId#,#clientId#,#workType#,#workInfo#,#status#,#clientId#,now(),now())
	</insert>
	
	<update id="updateBizOrderFlow" parameterClass="com.jd.sns.biz.api.domain.BizOrderFlow" >
  		update biz_order_flow set modified=now()
  		<isNotNull property="created">
  		,created=#created#
  		</isNotNull>
  		<isNotNull property="status">
  		,status=#status#
  		</isNotNull>
  		<isNotNull property="workType">
  		,work_type=#workType#
  		</isNotNull>
  		<isNotNull property="workInfo">
  		,work_info=#workInfo#
  		</isNotNull>
  		 where order_id=#orderId# and client_id=#clientId#
  	</update>
  	
  	<select id="getBizOrderFlowByOrderId" resultMap="bizOrderFlowResult" parameterClass="com.jd.sns.biz.api.domain.BizOrderFlow">
		select id,order_id,client_id,work_type,work_info,status,created,modified from biz_order_flow where client_id=#clientId# and order_id=#orderId#
	</select>
  	
</sqlMap>