<?xml version="1.0" encoding="UTF-8" ?>
<!DOCTYPE sqlMap PUBLIC "-//ibatis.apache.org//DTD SQL Map 2.0//EN" "http://ibatis.apache.org/dtd/sql-map-2.dtd" >
<sqlMap namespace="BizGiftcardOrder">

	<select id="selectBizGiftcardOrder" resultClass="com.jd.sns.biz.api.domain.BizGiftcardOrder" parameterClass="com.jd.sns.biz.api.domain.BizGiftcardOrder">
		select id,jdOrderId,clientId,pin,thirdOrder,sku,orderPrice,mobile,orderState,created,modified,ip,orderguid,paymentType,yn,orderResult
		from biz_giftcard_order where jdOrderId=#jdOrderId# and clientId=#clientId# and pin=#pin# and yn=1
	</select>
	
	<insert id="submitBizGiftcardOrder" parameterClass="com.jd.sns.biz.api.domain.BizGiftcardOrder">
		insert into biz_giftcard_order
		(jdOrderId,clientId,pin,thirdOrder,sku,orderPrice,mobile,orderState,created,modified,ip,orderguid,paymentType,yn)
		values (#jdOrderId#,#clientId#,#pin#,#thirdOrder#,#sku#,#orderPrice#,#mobile#,#orderState#, now(), now(),#ip#,#orderguid#,#paymentType#,1)
		
		<selectKey resultClass="long" keyProperty="id"> 
			SELECT @@IDENTITY AS id 
		</selectKey>
	</insert>

	<update id="updateBizGiftcardOrderState" parameterClass="com.jd.sns.biz.api.domain.BizGiftcardOrder">
		update biz_giftcard_order set jdOrderId=#jdOrderId#,orderResult=#orderResult# where id=#id#
	</update>
	
	
	<select id="checkThirdOrderExist" resultClass="java.lang.Integer" parameterClass="com.jd.sns.biz.api.domain.BizGiftcardOrder">
		select count(id) from biz_giftcard_order where thirdOrder=#thirdOrder# and clientId=#clientId# and pin=#pin#
	</select>
	
	<select id="selectJdOrderByThirdOrder" resultClass="com.jd.sns.biz.api.domain.BizGiftcardOrder" parameterClass="com.jd.sns.biz.api.domain.BizGiftcardOrder">
		select id,jdOrderId,clientId,pin,thirdOrder,sku,orderPrice,mobile,orderState,created,modified,ip,orderguid,paymentType,yn,orderResult
		from biz_giftcard_order where thirdOrder=#thirdOrder# and clientId=#clientId# and pin=#pin# and yn=1
	</select>
	
</sqlMap>