<?xml version="1.0" encoding="UTF-8" ?>
<!DOCTYPE sqlMap PUBLIC "-//ibatis.apache.org//DTD SQL Map 2.0//EN" "http://ibatis.apache.org/dtd/sql-map-2.dtd" >
<sqlMap namespace="BizOrderDifference">

	<typeAlias alias="bizOrderDifference" type="com.jd.sns.biz.api.domain.BizOrderDifference" />
	<resultMap id="bizOrderDifferenceResult" class="bizOrderDifference">
		<result property="id" column="id" />
		<result property="jdOrderId" column="jd_order_id" />
		<result property="clientId" column="client_id" />
		<result property="content" column="content" />
		<result property="state" column="state" />
		<result property="yn" column="yn" />
		<result property="created" column="created" />
		<result property="modified" column="modified" />
	</resultMap>
	
	<insert id="insertBizOrderDifference" parameterClass="com.jd.sns.biz.api.domain.BizOrderDifference">
		insert into biz_order_difference 
		(jd_order_id,client_id,content,state,yn,created,modified)
		values (#jdOrderId#,#clientId#,#content#,#state#,#yn#,now(),now())
	</insert>
	
	<!-- 
	<update id="updateBizOrderDifference" parameterClass="com.jd.sns.biz.api.domain.BizOrderDifference">
		update biz_order_difference set create_order_time=created;
	</update>
	 -->
	
	<select id="selectBizOrderDifferences" resultMap="bizOrderDifferenceResult" parameterClass="com.jd.sns.biz.api.domain.BizOrderDifference">
		select id,jd_order_id,client_id,content,state,yn,created,modified 
		from biz_order_difference
	</select>
	
</sqlMap>