<?xml version="1.0" encoding="UTF-8" ?>
<!DOCTYPE sqlMap PUBLIC "-//ibatis.apache.org//DTD SQL Map 2.0//EN" "http://ibatis.apache.org/dtd/sql-map-2.dtd" >
<sqlMap namespace="BizPoolSku" >
  
	<select id="selectSkuIdsByClientIdAndPageNum" parameterClass="com.jd.sns.biz.api.domain.BizPoolSku" resultClass="String"  >
		select sku_id from biz_pool_sku where client_id=#clientId# and pool_id=#poolId#
	</select>
  
  	<select id="getClientIdsBySkuId" parameterClass="long" resultClass="String"  >
		select client_id from biz_pool_sku where sku_id=#skuId# group by client_id
	</select>
	
	<select id="checkSkuIdExistByClientID" parameterClass="com.jd.sns.biz.api.domain.BizPoolSku" resultClass="int">
		select count(id) from biz_pool_sku where client_id=#clientId# and sku_id=#skuId#	
	</select>
	
	<select id="checkSkuIdExist" resultClass="int" parameterClass="long">
		select count(id) from biz_pool_sku where sku_id=#skuId#
	</select>  
</sqlMap>