<?xml version="1.0" encoding="UTF-8" ?>
<!DOCTYPE sqlMap PUBLIC "-//ibatis.apache.org//DTD SQL Map 2.0//EN" "http://ibatis.apache.org/dtd/sql-map-2.dtd" >
<sqlMap namespace="BizMessageTask">


	<select id="selectBizMessageTaskList" resultClass="com.jd.sns.biz.api.domain.BizMessageTask" parameterClass="String">
		select id,message,type,state,created from biz_message_task where state=1 limit 1000
	</select>
	
	
	<update id="delBizMessageTaskById" parameterClass="long">
		update biz_message_task set state=2 where id=#id#
	</update>

	<insert id="insertBizMessageTask" parameterClass="com.jd.sns.biz.api.domain.BizMessageTask">
		insert into biz_message_task (message,type,state,created) values (#message#,#type#,#state#,#created#)
	</insert>
	
	
	<select id="getAll" resultClass="com.jd.sns.biz.api.domain.BizMessageTask" parameterClass="int">
		select id,message,type,state,created from biz_message_task where type=#value#
	</select>
	
	<update id="updateOne" parameterClass="com.jd.sns.biz.api.domain.BizMessageTask">
		update biz_message_task set state=#state# where id=#id#
	</update>
</sqlMap>