<?xml version="1.0" encoding="UTF-8" ?>
<!DOCTYPE sqlMap PUBLIC "-//ibatis.apache.org//DTD SQL Map 2.0//EN" "http://ibatis.apache.org/dtd/sql-map-2.dtd" >
<sqlMap namespace="CreditPayTask">

	<sql id="selectCreditPayTaskAllColunms">
		id as id, pin as pin, jd_order_id as jdOrderId, state as state, created as created, modified as modified
	</sql>

	<insert id="insertCreditPayTask" parameterClass="com.jd.sns.biz.api.domain.CreditPayTask">
		insert into
		creditpay_task
		(pin,jd_order_id,order_type, state,created,modified)
		values
		(#pin#,#jdOrderId#,#orderType#,#state#,#created#,#modified#)
	</insert>
	
	<delete id="deleteCreditPayTaskById" parameterClass="java.lang.Long">
		delete from creditpay_task where id=#id# 
	</delete>
	
	<update id="updateCreditPayTask" parameterClass="com.jd.sns.biz.api.domain.CreditPayTask">
		update creditpay_task set modified = now()
		<isNotNull property="pin" prepend=",">
			pin=#pin#
		</isNotNull>
		<isNotNull property="jdOrderId" prepend=",">
			jd_order_id=#jdOrderId#
		</isNotNull>
		<isNotNull property="state"  prepend=",">
			state=#state#
		</isNotNull>
		 where id=#id#
	</update>

</sqlMap>