<?xml version="1.0" encoding="UTF-8" ?>
<!DOCTYPE sqlMap PUBLIC "-//ibatis.apache.org//DTD SQL Map 2.0//EN" "http://ibatis.apache.org/dtd/sql-map-2.dtd" >
<sqlMap namespace="DemandOrder">

	<typeAlias alias="demandOrder" type="com.jd.sns.biz.api.domain.DemandOrder" />
	<resultMap id="demandOrderResult" class="demandOrder">
		<result property="jdDemandOrder" column="jd_demand_order" />
		<result property="clientId" column="client_id" />
		<result property="pin" column="pin" />
		<result property="thirdOrder" column="third_order" />
		<result property="sku" column="sku" />
		<result property="province" column="province" />
		<result property="city" column="city" />
		<result property="county" column="county" />
		<result property="town" column="town" />
		<result property="orderPrice" column="order_price" />
		<result property="jdOrderId" column="jd_order_id" />
		<result property="remark" column="remark" />
		<result property="created" column="created" />
		<result property="updated" column="updated" />
		<result property="yn" column="yn" />
	</resultMap>

	<select id="selectDemandOrderById" resultMap="demandOrderResult" parameterClass="com.jd.sns.biz.api.domain.DemandOrder">
		select
		jd_demand_order,client_id,pin,third_order,sku,province,city,county,town,order_price,jd_order_id,remark,created,updated,yn
		from demand_order where jd_demand_order=#jdDemandOrder# and client_id=#clientId#
	</select>
	
	<select id="checkThirdOrderExist" resultClass="int" parameterClass="com.jd.sns.biz.api.domain.DemandOrder">
		select count(jd_demand_order) from demand_order where third_order=#thirdOrder# and yn=1 and client_id=#clientId#
	</select>

	<insert id="insertJdDemandOrder" parameterClass="com.jd.sns.biz.api.domain.DemandOrder">
		insert into
		demand_order
		(client_id,pin,third_order,sku,province,city,county,town,order_price,jd_order_id,remark,created,yn)
		values (#clientId#, #pin#, #thirdOrder#, #sku#, #province#, #city#,
		#county#, #town#, #orderPrice#, #jdOrderId#, #remark#, #created#, 1)
		
		<selectKey resultClass="long" keyProperty="jdDemandOrder"> 
			SELECT @@IDENTITY AS jd_demand_order 
		</selectKey> 
	</insert>
	
	<update id="cancelJdDemandOrder" parameterClass="com.jd.sns.biz.api.domain.DemandOrder" >
  		update demand_order set yn=0,updated=now() where jd_demand_order=#jdDemandOrder# and yn=1 and client_id=#clientId#
  	</update>
  	
  	<update id="updateJdOrderId" parameterClass="com.jd.sns.biz.api.domain.DemandOrder" >
  		update demand_order set jd_order_id=#jdOrderId#,updated=now() where jd_demand_order=#jdDemandOrder# and client_id=#clientId#
  	</update>
  	
  	<select id="getAll" resultMap="demandOrderResult">
		select jd_demand_order,client_id,pin,third_order,sku,province,city,county,town,order_price,jd_order_id,remark,created,updated,yn
		from demand_order
	</select>

</sqlMap>