<?xml version="1.0" encoding="UTF-8"?>
<beans xmlns="http://www.springframework.org/schema/beans"
	xmlns:xsi="http://www.w3.org/2001/XMLSchema-instance" xmlns:aop="http://www.springframework.org/schema/aop"
	xmlns:tx="http://www.springframework.org/schema/tx" xmlns:context="http://www.springframework.org/schema/context"
	xsi:schemaLocation="http://www.springframework.org/schema/beans
                     http://www.springframework.org/schema/beans/spring-beans-3.0.xsd
                     http://www.springframework.org/schema/tx
                     http://www.springframework.org/schema/tx/spring-tx-3.0.xsd
                     http://www.springframework.org/schema/aop
                     http://www.springframework.org/schema/aop/spring-aop-3.0.xsd 
						http://www.springframework.org/schema/context 
                     http://www.springframework.org/schema/context/spring-context-3.0.xsd"
	default-autowire="byName">

	<!--<bean id="skupoolDao" class="org.mybatis.spring.mapper.MapperFactoryBean">  
	   <property name="mapperInterface" value="com.jd.ka.eatmoney.dao.skupool.SkupoolDao"/>  
	  <property name="sqlSessionFactory" ref="sqlSessionFactory" />  
	</bean>
	-->
    <bean id="eatUserDao" class="org.mybatis.spring.mapper.MapperFactoryBean">
        <property name="mapperInterface" value="com.jd.ka.eatmoney.dao.user.EatUserDao"/>
        <property name="sqlSessionFactory" ref="sqlSessionFactory" />
    </bean>


    <bean id="contactGroupDao" class="org.mybatis.spring.mapper.MapperFactoryBean">
        <property name="mapperInterface" value="com.jd.ka.eatmoney.dao.user.ContactGroupDao"/>
        <property name="sqlSessionFactory" ref="sqlSessionFactory" />
    </bean>

    <bean id="contactUserItemDao" class="org.mybatis.spring.mapper.MapperFactoryBean">
        <property name="mapperInterface" value="com.jd.ka.eatmoney.dao.user.ContactUserItemDao"/>
        <property name="sqlSessionFactory" ref="sqlSessionFactory" />
    </bean>




    <bean id="eatDaybookDao" class="org.mybatis.spring.mapper.MapperFactoryBean">
        <property name="mapperInterface" value="com.jd.ka.eatmoney.dao.daybook.EatDaybookDao"/>
        <property name="sqlSessionFactory" ref="sqlSessionFactory" />
    </bean>

    <bean id="eatDaybookItemDao" class="org.mybatis.spring.mapper.MapperFactoryBean">
        <property name="mapperInterface" value="com.jd.ka.eatmoney.dao.daybook.EatDaybookItemDao"/>
        <property name="sqlSessionFactory" ref="sqlSessionFactory" />
    </bean>

    <bean id="eatSettlementDao" class="org.mybatis.spring.mapper.MapperFactoryBean">
        <property name="mapperInterface" value="com.jd.ka.eatmoney.dao.settlement.EatSettlementDao"/>
        <property name="sqlSessionFactory" ref="sqlSessionFactory" />
    </bean>


    <bean id="eatOrgDao" class="org.mybatis.spring.mapper.MapperFactoryBean">
        <property name="mapperInterface" value="com.jd.ka.eatmoney.dao.user.EatOrgDao"/>
        <property name="sqlSessionFactory" ref="sqlSessionFactory" />
    </bean>
</beans>