<?xml version="1.0" encoding="UTF-8"?>
<beans xmlns="http://www.springframework.org/schema/beans"
	xmlns:context="http://www.springframework.org/schema/context"
	xmlns:mvc="http://www.springframework.org/schema/mvc" xmlns:xsi="http://www.w3.org/2001/XMLSchema-instance"
	xsi:schemaLocation="
        http://www.springframework.org/schema/beans     
        http://www.springframework.org/schema/beans/spring-beans-3.0.xsd
        http://www.springframework.org/schema/context 
        http://www.springframework.org/schema/context/spring-context-3.0.xsd
        http://www.springframework.org/schema/mvc
        http://www.springframework.org/schema/mvc/spring-mvc-3.0.xsd"
	default-autowire="byName">


    <mvc:annotation-driven />


    <!-- 用户登录erp -->
	<!-- 登录过滤器     -->
     <mvc:interceptors>
      
        <mvc:interceptor>
            <mvc:mapping path="/**" />
            <bean class="com.jd.passport.inteceptor.mvc.SpringMvcInterceptor">
                <property name="cookieName" value="erp1.jd.com" />
                <property name="authenticationKey" value="C602924B0D1090D931E3771D74ABBF9733A8C3545CFE1810" />
                <property name="loginUrl" value="http://erp1.jd.com/newHrm/Verify.aspx"></property>
                <property name="charsetName" value="GBK"></property>
            </bean>
        </mvc:interceptor>
        
         <mvc:interceptor>
             <mvc:mapping path="/price/**"/>
             <bean class="com.jd.ka.eatmoney.web.interceptor.RegisterInterceptor"/>
         </mvc:interceptor>
    </mvc:interceptors>


	<bean id="cookieUtils" class="com.jd.common.web.cookie.CookieUtils">
		<property name="jdCookie">
			<list>
				<bean class="com.jd.common.web.cookie.JdCookie">
					<property name="name" value="${erp.checkLogin.cookieName}" />
					<property name="domain" value="${erp.checkLogin.cookie.domain}" />
					<property name="path" value="/"></property>
				</bean>
			</list>
		</property>
	</bean>



    <!-- ajax json对于时间的配置 -->
    <bean id="jacksonObjectMapper" class="org.codehaus.jackson.map.ObjectMapper"/>
	<bean id="jacksonObjectMapperInit" class="commons.spring.mvc.utils.JacksonObjectMapperInit" init-method="init" >
		<property name="objectMapper" ref="jacksonObjectMapper"></property>
	</bean>
	
	<bean class="org.springframework.web.servlet.mvc.method.annotation.RequestMappingHandlerMapping"> </bean>
	<bean class="org.springframework.web.servlet.mvc.method.annotation.RequestMappingHandlerAdapter">
		<property name="messageConverters">
			<list>
				<bean
					class="org.springframework.http.converter.StringHttpMessageConverter">
					<property name="supportedMediaTypes">
						<list>
							<value>text/plain;charset=UTF-8</value>
						</list>
					</property>
				</bean>
				<bean
					class="org.springframework.http.converter.json.MappingJacksonHttpMessageConverter" >
					<property name="objectMapper" ref="jacksonObjectMapper" ></property>
					</bean>
			</list>
		</property>
	</bean>
	
    <bean id="velocityConfig"
          class="org.springframework.web.servlet.view.velocity.VelocityConfigurer">
        <property name="resourceLoaderPath" value="." />
        <property name="configLocation" value="classpath:velocity.properties" />
        <property name="velocityProperties">
            <props>
                <prop key="input.encoding">UTF-8</prop><!-- 指定模板引擎进行模板处理的编码 -->
                <prop key="output.encoding">UTF-8</prop><!-- 指定输出流的编码 -->
                <prop key="contentType">text/html;charset=UTF-8</prop><!-- contentType -->
            </props>
        </property>
    </bean>
    
    

    
    <bean id="velocityViewResolver" class="commons.spring.mvc.view.VelocityLayoutWithCommonToolsViewResolver">
        <property name="cache" value="true"></property>
        <property name="suffix" value=".vm"/>
        <property name="prefix" value="/WEB-INF/vm/" />
        <property name="layoutUrl" value="/WEB-INF/vm/layout/default.vm" />
        <property name="exposeSpringMacroHelpers" value="true" />
        <property name="dateToolAttribute" value="dateTool"/>
        <property name="numberToolAttribute" value="numberTool"/>
        <property name="contentType" value="text/html;charset=UTF-8"></property>
        <property name="velocityTools" ref="velocityTools"/>
    </bean>

    <!-- spring mvc实现上传需添加该操作类  依赖包commons-fileupload-1.2.2.jar commons-io-2.0.1.jar -->
    <bean id="multipartResolver" class="org.springframework.web.multipart.commons.CommonsMultipartResolver">
        <!-- 指定所上传文件的总大小不能超过5000KB。注意maxUploadSize属性的限制不是针对单个文件，而是所有文件的容量之和 -->
        <property name="maxUploadSize">
            <value>52428800</value>
        </property>
        <property name="maxInMemorySize">
            <value>4096</value>
        </property>
    </bean>
    
    <bean id="exceptionResolver" class="org.springframework.web.servlet.handler.SimpleMappingExceptionResolver">    
         <property name="exceptionMappings">    
             <props>    
                 <prop key="java.lang.Exception">errors/error</prop>    
                 <prop key="java.lang.Throwable">errors/error</prop>    
             </props>    
         </property>    
         <property name="statusCodes">    
             <props>    
                 <prop key="errors/error">500</prop>    
                 <prop key="errors/error">404</prop>    
             </props>    
         </property>    
         <property name="warnLogCategory" value="WARN"></property>    
         <property name="defaultErrorView" value="errors/error"></property>    
         <property name="defaultStatusCode" value="500"></property>    
     </bean>    

	<bean name="velocityTools" class="java.util.HashMap">
		<constructor-arg>
			<map>
				<entry key="stringUtils">
					<bean class="org.apache.commons.lang.StringUtils" />
				</entry>
				<entry key="stringEscapeUtils">
					<bean class="org.apache.commons.lang.StringEscapeUtils" />
				</entry>
				<entry key="dateFormatUtils">
					<bean class="com.jd.common.util.DateFormatUtils" />
				</entry>
				<entry key="dateUtils">
					<bean class="org.apache.commons.lang.time.DateUtils" />
				</entry>
				<entry key="localHost">
					<bean class="com.jd.common.network.LocalHost" />
				</entry>
				<entry key="jdUrlUtil">
					<bean class="com.jd.ka.eatmoney.utils.JdUrlUtil"></bean>
				</entry>
			</map>
		</constructor-arg>
	</bean>
</beans>
