<?xml version="1.0" encoding="utf-8"?>
<!DOCTYPE sqlMapConfig  PUBLIC "-//iBATIS.com//DTD SQL Map
Config 2.0/" "http://www.ibatis.com/dtd/sql-map-config-2.dtd">

<sqlMapConfig>

    <settings cacheModelsEnabled="false" enhancementEnabled="true"
              lazyLoadingEnabled="false" errorTracingEnabled="true" maxRequests="1000"
              maxSessions="300" maxTransactions="300" useStatementNamespaces="true"
              defaultStatementTimeout="10"/>


    <sqlMap resource="sqlmap/oauth2_sqlMap.xml"/>
    <sqlMap resource="sqlmap/biz_pool_sqlMap.xml"/>
    <sqlMap resource="sqlmap/user_sqlMap.xml"/>
    <sqlMap resource="sqlmap/demand_order_sqlMap.xml"/>
    <sqlMap resource="sqlmap/biz_order_sqlMap.xml"/>
    <sqlMap resource="sqlmap/biz_message_sqlMap.xml"/>
    <sqlMap resource="sqlmap/biz_message_task_sqlMap.xml"/>
    <sqlMap resource="sqlmap/biz_pool_sku_sqlMap.xml"/>
    <sqlMap resource="sqlmap/biz_pool_sku_price_sqlMap.xml"/>
    <sqlMap resource="sqlmap/biz_order_flow_sqlMap.xml"/>
    <sqlMap resource="sqlmap/biz_invoice_sqlMap.xml"/>
    <sqlMap resource="sqlmap/biz_admin_sqlMap.xml"/>
    <sqlMap resource="sqlmap/biz_order_difference_sqlMap.xml"/>
    <sqlMap resource="sqlmap/biz_quota_sqlMap.xml"/>
    <sqlMap resource="sqlmap/biz_giftcard_order_sqlMap.xml"/>
   <sqlMap resource="sqlmap/credit_pay_task.xml"/>
   <sqlMap resource="sqlmap/biz_order_invoice_SqlMap.xml"/>
 
    
</sqlMapConfig>