<?xml version="1.0" encoding="UTF-8" ?> 
<!DOCTYPE mapper PUBLIC "-//mybatis.org//DTD Mapper 3.0//EN" 
"http://mybatis.org/dtd/mybatis-3-mapper.dtd"> 
<mapper namespace="com.jd.ka.eatmoney.dao.daybook.EatDaybookItemDao">	

  <resultMap id="EatDaybookItem-Map" type="EatDaybookItem">
 		<id property="id" column="id"/>
		<result property="daybookId" column="daybook_id"/>
		<result property="userId" column="user_id"/>
		<result property="erpAccount" column="erp_account"/>
		<result property="payErpAccount" column="pay_erp_account"/>
		<result property="submitErpAccount" column="submit_erp_account"/>
		<result property="payMoney" column="pay_money"/>
		<result property="eatDate" column="eat_date"/>
		<result property="payType" column="pay_type"/>
		<result property="status" column="status"/>
		<result property="gmtCreate" column="gmt_create"/>
		<result property="gmtModify" column="gmt_modify"/>
		<result property="remark" column="remark"/>
		<result property="settlementId" column="settlement_id"/>
        <result property="inputErpAccount" column="input_erp_account"/>
	</resultMap>

	
	
	
	<sql id="COMMON-SQL">	
	   
      <where>
            <if test="id != null"> AND id = #{id}</if>
            <if test="daybookId != null"> AND daybook_id = #{daybookId}</if>
            <if test="userId != null"> AND user_id = #{userId}</if>
            <if test="payType != null"> AND pay_type = #{payType}</if>
            <if test="status != null"> AND status = #{status}</if>
            <if test="settlementId != null"> AND settlement_id = #{settlementId}</if>
            <if test="inputErpAccount!=null"> AND input_erp_account=#{inputErpAccount}</if>
            <if test="erpAccount!=null"> AND erp_account=#{erpAccount}</if>
            <if test="payErpAccount!=null"> AND pay_erp_account=#{payErpAccount}</if>
            <if test="submitErpAccount!=null"> AND submit_erp_account=#{submitErpAccount}</if>
            <if test="eatDate!=null"> AND eat_date=#{eatDate}</if>
            <if test="eatDateStart!=null"><![CDATA[AND eat_date>=#{eatDateStart}  ]]></if>
            <if test="eatDateEnd!=null"><![CDATA[AND eat_date<#{eatDateEnd}  ]]></if>
       </where>
	 	
	</sql>



    <sql id="COMMON-SQL-EXAMPLE">

        <where>
            <if test="id != null"> AND id = #{id}</if>
            <if test="daybookId != null"> AND daybook_id = #{daybookId}</if>
            <if test="userId != null"> AND user_id = #{userId}</if>
            <if test="payType != null"> AND pay_type = #{payType}</if>
            <if test="status != null"> AND status = #{status}</if>
            <if test="settlementId != null"> AND settlement_id = #{settlementId}</if>
            <if test="inputErpAccount!=null"> AND input_erp_account=#{inputErpAccount}</if>
            <if test="erpAccount!=null"> AND erp_account=#{erpAccount}</if>
            <if test="payErpAccount!=null"> AND pay_erp_account=#{payErpAccount}</if>
            <if test="submitErpAccount!=null"> AND submit_erp_account=#{submitErpAccount}</if>
            <if test="eatDate!=null"> AND eat_date=#{eatDate}</if>
        </where>

    </sql>


	<sql id="ORDER-SQL">
	 order by id desc
	</sql>
	

	<sql id="All-FIELDS">
		id,daybook_id,user_id,erp_account,input_erp_account,pay_erp_account,submit_erp_account,pay_money,eat_date,pay_type,status,gmt_create,gmt_modify,remark,settlement_id
	</sql>

	<insert id="addEatDaybookItem" parameterType="EatDaybookItem">
		insert into eat_daybook_item (id,daybook_id,user_id,erp_account,input_erp_account,pay_erp_account,submit_erp_account,pay_money,eat_date,pay_type,status,gmt_create,gmt_modify,remark,settlement_id)
			values(#{id},#{daybookId},#{userId},#{erpAccount},#{inputErpAccount},#{payErpAccount},#{submitErpAccount},#{payMoney},#{eatDate},#{payType},#{status},#{gmtCreate},#{gmtModify},#{remark},#{settlementId})
    
		<selectKey resultType="java.lang.Integer" keyProperty="id" order="AFTER">
		   select last_insert_id() as ID from dual
		</selectKey> 
   
	 </insert>

    
    <update id="updateEatDaybookItem" parameterType="EatDaybookItem" >
    	update  eat_daybook_item 
	<set>
			<if test="daybookId !=null"> daybook_id = #{daybookId},</if>
			<if test="userId !=null"> user_id = #{userId},</if>
			<if test="erpAccount !=null"> erp_account = #{erpAccount},</if>
			<if test="payErpAccount !=null"> pay_erp_account = #{payErpAccount},</if>
			<if test="submitErpAccount !=null"> submit_erp_account = #{submitErpAccount},</if>
			<if test="payMoney !=null"> pay_money = #{payMoney},</if>
			<if test="eatDate !=null"> eat_date = #{eatDate},</if>
			<if test="payType !=null"> pay_type = #{payType},</if>
			<if test="status !=null"> status = #{status},</if>
			<if test="gmtCreate !=null"> gmt_create = #{gmtCreate},</if>
			<if test="gmtModify !=null"> gmt_modify = #{gmtModify},</if>
			<if test="remark !=null"> remark = #{remark},</if>
			<if test="settlementId !=null"> settlement_id = #{settlementId},</if>

	</set>
	 where id = #{id}
  	</update>
  
	

    

	<delete id="deleteEatDaybookItem" parameterType="java.lang.Integer">
		DELETE FROM eat_daybook_item WHERE id = #{id}
	</delete>



    <delete id="deleteByDaybookId" parameterType="java.lang.Integer">
        update eat_daybook_item set status=3,gmt_modify=now() WHERE daybook_id = #{daybookId}
    </delete>



	<select id="getEatDaybookItemById" resultMap="EatDaybookItem-Map" parameterType="java.lang.Integer">
		SELECT  <include refid="All-FIELDS"/> FROM eat_daybook_item	WHERE id = #{id}
	</select>  
    


	
	<select id="getAll" resultMap="EatDaybookItem-Map">
		<![CDATA[
			SELECT  id,daybook_id,user_id,erp_account,pay_erp_account,submit_erp_account,pay_money,eat_date,pay_type,status,gmt_modify,settlement_id FROM eat_daybook_item
		]]>
	</select>
	
	<select id="getListByExample" resultMap="EatDaybookItem-Map" parameterType="EatDaybookItem">
		SELECT   <include refid="All-FIELDS"/> FROM eat_daybook_item
            <include refid="COMMON-SQL-EXAMPLE" />
	</select>
	
	
	<select id="getEatDaybookItemByPage" resultMap="EatDaybookItem-Map" parameterType="java.util.HashMap">
		<![CDATA[
			SELECT  id,daybook_id,user_id,erp_account,input_erp_account,pay_erp_account,submit_erp_account,pay_money,eat_date,pay_type,status,gmt_create,
			gmt_modify,settlement_id FROM eat_daybook_item
		]]>
            <include refid="COMMON-SQL" />
            <include refid="ORDER-SQL" />
		LIMIT #{startIndex},#{pageSize}
	</select>
	
	<select id="count" resultType="java.lang.Integer" parameterType="java.util.HashMap">
		<![CDATA[
			SELECT COUNT(1) FROM eat_daybook_item
		]]>
		
              <include refid="COMMON-SQL" />
	</select>



    <select id="sumPayMoney" resultType="java.math.BigDecimal" parameterType="java.util.HashMap">
        <![CDATA[
			SELECT SUM(pay_money) FROM eat_daybook_item
		]]>
        <include refid="COMMON-SQL" />
    </select>



    <update id="doSettlement">
        UPDATE eat_daybook_item set status=2,settlement_id=#{settlementId},gmt_modify=now()  where daybook_id=#{daybookId} and status=1
    </update>

</mapper>