<?xml version="1.0" encoding="UTF-8" ?> 
<!DOCTYPE mapper PUBLIC "-//mybatis.org//DTD Mapper 3.0//EN" 
"http://mybatis.org/dtd/mybatis-3-mapper.dtd"> 
<mapper namespace="com.jd.ka.eatmoney.dao.daybook.EatDaybookDao">	

  <resultMap id="EatDaybook-Map" type="EatDaybook">
 		<id property="id" column="id"/>
		<result property="inputUserId" column="input_user_id"/>
		<result property="inputErpAccount" column="input_erp_account"/>
		<result property="payErpAccount" column="pay_erp_account"/>
		<result property="submitErpAccount" column="submit_erp_account"/>
		<result property="totalMoney" column="total_money"/>
		<result property="eatDate" column="eat_date"/>
		<result property="remark" column="remark"/>
		<result property="payType" column="pay_type"/>
		<result property="status" column="status"/>
		<result property="settlementId" column="settlement_id"/>
		<result property="gmtCreate" column="gmt_create"/>
		<result property="gmtModify" column="gmt_modify"/>
        <result property="bookJson" column="book_json"/>
        <result property="payMoney" column="pay_money"/>
	</resultMap>


    <sql id="COMMON-SQL">
        <where>
            <if test="id != null">AND id = #{id}</if>
            <if test="inputUserId != null">AND input_user_id = #{inputUserId}</if>
            <if test="payType != null">AND pay_type = #{payType}</if>
            <if test="status != null">AND status = #{status}</if>
            <if test="settlementId != null">AND settlement_id = #{settlementId}</if>
            <if test="submitErpAccount!=null">AND submit_erp_account=#{submitErpAccount}</if>
            <if test="inputErpAccount!=null">AND input_erp_account=#{inputErpAccount}</if>
            <if test="payErpAccount!=null">AND pay_erp_account=#{payErpAccount}</if>
            <if test="eatDate!=null">AND eatDate=#{eatDate}</if>

            <if test="createdStart!=null"> <![CDATA[AND gmt_create>=#{createdStart} ]]></if>
            <if test="createdEnd!=null"><![CDATA[AND gmt_create<#{createdEnd}  ]]></if>
            <if test="eatDateStart!=null"><![CDATA[AND eat_date>=#{eatDateStart}  ]]></if>
            <if test="eatDateEnd!=null"><![CDATA[AND eat_date<#{eatDateEnd}  ]]></if>
        </where>

    </sql>


    <sql id="COMMON-SQL-EXAMPLE">
        <where>
            <if test="id != null">AND id = #{id}</if>
            <if test="inputUserId != null">AND input_user_id = #{inputUserId}</if>
            <if test="payType != null">AND pay_type = #{payType}</if>
            <if test="status != null">AND status = #{status}</if>
            <if test="settlementId != null">AND settlement_id = #{settlementId}</if>
            <if test="submitErpAccount!=null">AND submit_erp_account=#{submitErpAccount}</if>
            <if test="inputErpAccount!=null">AND input_erp_account=#{inputErpAccount}</if>
            <if test="payErpAccount!=null">AND pay_erp_account=#{payErpAccount}</if>
            <if test="eatDate!=null">AND eatDate=#{eatDate}</if>
        </where>

    </sql>


	<sql id="ORDER-SQL">
	 order by id desc
	</sql>
	

	<sql id="All-FIELDS">
		id,input_user_id,input_erp_account,pay_erp_account,submit_erp_account,total_money,eat_date,remark,pay_type,book_json,status,settlement_id,pay_money,gmt_create,gmt_modify
	</sql>

	<insert id="addEatDaybook" parameterType="EatDaybook">
		insert into eat_daybook (id,input_user_id,input_erp_account,pay_erp_account,submit_erp_account,total_money,eat_date,remark,book_json,pay_type,status,pay_money,gmt_create,gmt_modify)
			values(#{id},#{inputUserId},#{inputErpAccount},#{payErpAccount},#{submitErpAccount},#{totalMoney},#{eatDate},#{remark},#{bookJson},#{payType},#{status},#{payMoney},now(),now())
    
		<selectKey resultType="java.lang.Integer" keyProperty="id" order="AFTER">
		   select last_insert_id() as ID from dual
		</selectKey> 
   
	 </insert>

    
    <update id="updateEatDaybook" parameterType="EatDaybook" >
    	update  eat_daybook 
	<set>
			<if test="inputUserId !=null"> input_user_id = #{inputUserId},</if>
			<if test="inputErpAccount !=null"> input_erp_account = #{inputErpAccount},</if>
			<if test="payErpAccount !=null"> pay_erp_account = #{payErpAccount},</if>
			<if test="submitErpAccount !=null"> submit_erp_account = #{submitErpAccount},</if>
			<if test="totalMoney !=null"> total_money = #{totalMoney},</if>
			<if test="eatDate !=null"> eat_date = #{eatDate},</if>
			<if test="remark !=null"> remark = #{remark},</if>
			<if test="payType !=null"> pay_type = #{payType},</if>
			<if test="status !=null"> status = #{status},</if>
			<if test="settlementId !=null"> settlement_id = #{settlementId},</if>
			<if test="gmtModify !=null"> gmt_modify = #{gmtModify},</if>

	</set>
	 where id = #{id}
  	</update>
  
	

    

	<delete id="deleteEatDaybook" parameterType="java.lang.Integer">
		DELETE FROM eat_daybook WHERE id = #{id}
	</delete>

	<select id="getEatDaybookById" resultMap="EatDaybook-Map" parameterType="java.lang.Integer">
		SELECT  <include refid="All-FIELDS"/> FROM eat_daybook	WHERE id = #{id}
	</select>  
    


	
	<select id="getAll" resultMap="EatDaybook-Map">
		<![CDATA[
			SELECT  id,input_user_id,input_erp_account,pay_erp_account,submit_erp_account,total_money,eat_date,pay_type,book_json,status,settlement_id,gmt_modify FROM eat_daybook
		]]>
	</select>
	
	<select id="getListByExample" resultMap="EatDaybook-Map" parameterType="EatDaybook">
		SELECT   <include refid="All-FIELDS"/> FROM eat_daybook
            <include refid="COMMON-SQL-EXAMPLE" />
	</select>
	
	
	<select id="getEatDaybookByPage" resultMap="EatDaybook-Map" parameterType="java.util.HashMap">
		<![CDATA[
			SELECT  id,input_user_id,input_erp_account,pay_erp_account,submit_erp_account,total_money,eat_date,pay_type,status,settlement_id,pay_money,gmt_create,gmt_modify FROM eat_daybook
		]]>
            <include refid="COMMON-SQL" />
            <include refid="ORDER-SQL" />
		LIMIT #{startIndex},#{pageSize}
	</select>
	
	<select id="count" resultType="java.lang.Integer" parameterType="java.util.HashMap">
		<![CDATA[
			SELECT COUNT(1) FROM eat_daybook
		]]>
              <include refid="COMMON-SQL" />
	</select>
	


</mapper>