<?xml version="1.0" encoding="UTF-8"?>
<!DOCTYPE beans PUBLIC "-//SPRING//DTD BEAN//EN" "http://www.springframework.org/dtd/spring-beans.dtd">
<beans>   
  
  	<!-- 加载属性文件 -->
    <bean class="org.springframework.beans.factory.config.PropertyPlaceholderConfigurer">
        <property name="ignoreUnresolvablePlaceholders" value="true" />
        <property name="locations">
            <list>
                <value>classpath:important.properties</value>
                <value>classpath:conf.properties</value>
            </list>
        </property>
    </bean>
  
  
	<!-- DataSource -->   
	<bean id="dataSource" class="com.mchange.v2.c3p0.ComboPooledDataSource" destroy-method="close">
        <property name="driverClass" value="${db.driverClass}" />
        <property name="jdbcUrl" value="${db.jdbcUrl}" />
        <property name="user" value="${db.username}" />
        <property name="password" value="${db.password}" />
        <property name="initialPoolSize" value="${db.initialPoolSize}" />
        <property name="minPoolSize" value="${db.minPoolSize}" />
        <property name="maxPoolSize" value="${db.maxPoolSize}" />
        <property name="maxIdleTime" value="${db.maxIdleTime}"/>
        <property name="idleConnectionTestPeriod" value="600"/>
        <property name="testConnectionOnCheckout" value="false"/>
        <property name="checkoutTimeout" value="${db.checkoutTimeout}"/>
    </bean>

	<bean id="jdbcTemplate" class="org.springframework.jdbc.core.JdbcTemplate">
		<constructor-arg><ref bean="dataSource"/></constructor-arg>
	</bean>
	
	
	<!-- MQ Config -->
	<bean id="jmsFactory" class="org.apache.activemq.ActiveMQConnectionFactory">
		<property name="brokerURL" value="${mq.brokerURL}" /> 
	</bean>
	
	<bean id="jmsConnectionFactory"	class="org.springframework.jms.connection.CachingConnectionFactory">
		<constructor-arg ref="jmsFactory" />
		<property name="sessionCacheSize" value="${mq.sessionCacheSize}" />
	</bean>
	
	<bean id="jmsTemplate" class="org.springframework.jms.core.JmsTemplate">
		<property name="connectionFactory" ref="jmsConnectionFactory" />
	</bean>

	
</beans>

