<?xml version="1.0" encoding="UTF-8"?>  
<beans xmlns="http://www.springframework.org/schema/beans"  
	xmlns:xsi="http://www.w3.org/2001/XMLSchema-instance"  
	xmlns:tx="http://www.springframework.org/schema/tx"  
	xmlns:context="http://www.springframework.org/schema/context"    
	xmlns:mvc="http://www.springframework.org/schema/mvc"
	xmlns:util="http://www.springframework.org/schema/util"
	xsi:schemaLocation="http://www.springframework.org/schema/beans   
	http://www.springframework.org/schema/beans/spring-beans-3.0.xsd   
	http://www.springframework.org/schema/tx   
	http://www.springframework.org/schema/tx/spring-tx-3.0.xsd  
	http://www.springframework.org/schema/context  
	http://www.springframework.org/schema/context/spring-context-3.0.xsd  
	http://www.springframework.org/schema/mvc  
	http://www.springframework.org/schema/mvc/spring-mvc-3.0.xsd
	http://www.springframework.org/schema/util
	http://www.springframework.org/schema/util/spring-util.xsd
	">
    
	<context:component-scan base-package="com.jd.hackathon.one.*.controller"/>
	
	<bean class="org.springframework.web.servlet.mvc.annotation.AnnotationMethodHandlerAdapter">
         <property name="messageConverters">  
          <list>  
           <bean class="org.springframework.http.converter.json.MappingJackson2HttpMessageConverter">
               <property name="objectMapper">
                 <bean class="org.springframework.http.converter.json.Jackson2ObjectMapperFactoryBean">
                    <property name="dateFormat">
                        <bean class="java.text.SimpleDateFormat">
                            <constructor-arg type="java.lang.String" value="yyyy-MM-dd HH:mm:ss"/>
                        </bean>
                    </property>
                  </bean>
               </property>
             </bean>
          </list>  
         </property> 
    </bean>
    
    <bean id="multipartResolver" class="org.springframework.web.multipart.commons.CommonsMultipartResolver"/>
	<bean id="velocityConfigurer" class="org.springframework.web.servlet.view.velocity.VelocityConfigurer">
		<property name="resourceLoaderPath">
			<value>/WEB-INF/vm/</value>
		</property>
		<property name="velocityProperties">
			<props>
				<!-- 指定模板引擎进行模板处理的编码 -->
				<prop key="input.encoding">UTF-8</prop>
				<!-- 指定输出流的编码 -->
                <prop key="output.encoding">UTF-8</prop>
                <!-- contentType -->
                <prop key="contentType">text/html; charset=UTF-8</prop>
			</props>
		</property>
	</bean>
	
	<bean id="viewResolver" class="org.springframework.web.servlet.view.velocity.VelocityLayoutViewResolver">
		<property name="suffix" value=".vm"></property>
		<property name="cache" value="true"/>
		<property name="dateToolAttribute" value="date"></property>
        <property name="numberToolAttribute" value="number"></property>
        <property name="toolboxConfigLocation">
            <value>/WEB-INF/toolbox.xml</value>
        </property>
        <property name="requestContextAttribute" value="rc"/> 
        <!--指定layout文件-->
        <property name="layoutUrl" value="layout/empty.vm"/>
        <property name="layoutKey" value="layout"/>
        <property name="screenContentKey" value="screen_content"/>
        <property name="contentType" value="text/html; charset=UTF-8"/>
	</bean>
    
    <bean id="exceptionResolver" class="com.jd.hackathon.one.base.web.servlet.handler.CustomSimpleMappingExceptionResolver">  
        <!-- 定义默认的异常处理页面 -->  
        <property name="defaultErrorView" value="common/error"/>  
        <!-- 定义异常处理页面用来获取异常信息的变量名，如果不添加exceptionAttribute属性，则默认为exception -->  
        <property name="exceptionAttribute" value="exception"/>  
        <!-- 定义需要特殊处理的异常，用类名或完全路径名作为key，异常页面名作为值 -->  
        <property name="exceptionMappings">  
            <props>  
                <prop key="org.apache.shiro.authz.UnauthorizedException">common/error</prop>  
                <prop key="org.apache.shiro.authz.UnauthenticatedException">common/error</prop>   
            </props>  
        </property>  
    </bean>
    
    <bean id="lifecycleBeanPostProcessor" class="org.apache.shiro.spring.LifecycleBeanPostProcessor"/>
    <!-- 开启Shiro注解的Spring配置方式的beans。在lifecycleBeanPostProcessor之后运行 -->  
    <bean class="org.springframework.aop.framework.autoproxy.DefaultAdvisorAutoProxyCreator" 
        depends-on="lifecycleBeanPostProcessor">  
            <property name="proxyTargetClass" value="true" />   
    </bean>
</beans>