<?xml version="1.0" encoding="UTF-8"?>
 <!DOCTYPE configuration PUBLIC "http://mybatis.org/dtd/mybatis-3-config.dtd" "mybatis-3-config.dtd" >
 <configuration>
   
   	<!-- 别名 -->
	<typeAliases>
        <typeAlias type="com.jd.ka.eatmoney.domain.user.EatUser" alias="EatUser"/>
        <typeAlias type="com.jd.ka.eatmoney.domain.user.ContactGroup" alias="ContactGroup"/>
        <typeAlias type="com.jd.ka.eatmoney.domain.user.ContactUserItem" alias="ContactUserItem"/>
        <typeAlias type="com.jd.ka.eatmoney.domain.daybook.EatDaybook" alias="EatDaybook"/>
        <typeAlias type="com.jd.ka.eatmoney.domain.daybook.EatDaybookItem" alias="EatDaybookItem"/>

        <typeAlias type="com.jd.ka.eatmoney.domain.settlement.EatSettlement" alias="EatSettlement"/>

        <typeAlias type="com.jd.ka.eatmoney.domain.user.EatOrg" alias="EatOrg"/>


    </typeAliases>
	
     <mappers>
         <mapper resource="sqlmap/user/EatUser.xml" />
         <mapper resource="sqlmap/user/ContactGroup.xml" />
         <mapper resource="sqlmap/user/ContactUserItem.xml" />
         <mapper resource="sqlmap/user/EatOrg.xml" />
         <mapper resource="sqlmap/daybook/EatDaybook.xml" />
         <mapper resource="sqlmap/daybook/EatDaybookItem.xml" />
         <mapper resource="sqlmap/settlement/EatSettlement.xml" />

     </mappers>
	

 </configuration>